{
"type": "FeatureCollection",
"name": "buildings",
"crs": { "type": "name", "properties": { "name": "urn:ogc:def:crs:OGC:1.3:CRS84" } },
"features": [
{ "type": "Feature", "properties": { "BLDG_ID": "3706137183", "YEAR_BUILT": "0", "estimate_h": 15.0, "height_m": 4.57, "depth_max_ft": 0.0, "depth_mean_ft": 0.0, "depth_max_m": 0.0, "depth_mean_m": 0.0, "wet_pct": 0.0, "flooded": false }, "geometry": { "type": "Polygon", "coordinates": [ [ [ -77.906137464483962, 34.787592360725561 ], [ -77.906017419215971, 34.787584137112766 ], [ -77.906026362808561, 34.787495278201213 ], [ -77.906101061703509, 34.787500395702985 ], [ -77.906099148994414, 34.787519401129096 ], [ -77.9061480107965, 34.787522748352899 ], [ -77.906137464483962, 34.787592360725561 ] ] ] } },
{ "type": "Feature", "properties": { "BLDG_ID": "3706137184", "YEAR_BUILT": "1976", "estimate_h": 15.0, "height_m": 4.57, "depth_max_ft": 5.61, "depth_mean_ft": 5.19, "depth_max_m": 1.71, "depth_mean_m": 1.58, "wet_pct": 46.2, "flooded": true }, "geometry": { "type": "Polygon", "coordinates": [ [ [ -77.912897152846767, 34.789938358050165 ], [ -77.912781062287593, 34.789971002947027 ], [ -77.912754611924981, 34.789908349328286 ], [ -77.912870164456706, 34.789874902622344 ], [ -77.912897152846767, 34.789938358050165 ] ] ] } },
{ "type": "Feature", "properties": { "BLDG_ID": "3706137209", "YEAR_BUILT": "0", "estimate_h": 15.0, "height_m": 4.57, "depth_max_ft": 6.23, "depth_mean_ft": 4.27, "depth_max_m": 1.9, "depth_mean_m": 1.3, "wet_pct": 19.6, "flooded": true }, "geometry": { "type": "Polygon", "coordinates": [ [ [ -77.908780537095055, 34.779003479355012 ], [ -77.908737303505376, 34.778993546054764 ], [ -77.908778867154751, 34.778870398275458 ], [ -77.908812771610584, 34.778878188697256 ], [ -77.908780537095055, 34.779003479355012 ] ] ] } },
{ "type": "Feature", "properties": { "BLDG_ID": "3706137210", "YEAR_BUILT": "0", "estimate_h": 15.0, "height_m": 4.57, "depth_max_ft": 6.09, "depth_mean_ft": 5.25, "depth_max_m": 1.86, "depth_mean_m": 1.6, "wet_pct": 18.3, "flooded": true }, "geometry": { "type": "Polygon", "coordinates": [ [ [ -77.909143731070699, 34.779084297747993 ], [ -77.909097558890352, 34.779077915304065 ], [ -77.909125158610379, 34.778941983858957 ], [ -77.909168029292729, 34.778947909021468 ], [ -77.909143731070699, 34.779084297747993 ] ] ] } },
{ "type": "Feature", "properties": { "BLDG_ID": "370611", "YEAR_BUILT": "2019", "estimate_h": 15.0, "height_m": 4.57, "depth_max_ft": 0.0, "depth_mean_ft": 0.0, "depth_max_m": 0.0, "depth_mean_m": 0.0, "wet_pct": 0.0, "flooded": false }, "geometry": { "type": "Polygon", "coordinates": [ [ [ -77.910607806329935, 34.783098620314121 ], [ -77.910543618492639, 34.783199251266211 ], [ -77.910500941586491, 34.78318072102666 ], [ -77.910565287907602, 34.783079843604369 ], [ -77.910607806329935, 34.783098620314121 ] ] ] } },
{ "type": "Feature", "properties": { "BLDG_ID": "370612", "YEAR_BUILT": "1925", "estimate_h": 15.0, "height_m": 4.57, "depth_max_ft": 2.19, "depth_mean_ft": 2.09, "depth_max_m": 0.67, "depth_mean_m": 0.64, "wet_pct": 91.9, "flooded": true }, "geometry": { "type": "Polygon", "coordinates": [ [ [ -77.914766717190815, 34.790428944477618 ], [ -77.914758292229507, 34.790449919784749 ], [ -77.914613853293119, 34.790414171291388 ], [ -77.914621547409254, 34.790393014500118 ], [ -77.914766717190815, 34.790428944477618 ] ] ] } },
{ "type": "Feature", "properties": { "BLDG_ID": "370613", "YEAR_BUILT": "1925", "estimate_h": 20.0, "height_m": 6.1, "depth_max_ft": 0.0, "depth_mean_ft": 0.0, "depth_max_m": 0.0, "depth_mean_m": 0.0, "wet_pct": 0.0, "flooded": false }, "geometry": { "type": "Polygon", "coordinates": [ [ [ -77.915026082552075, 34.790323347561646 ], [ -77.915025845890924, 34.790434335775231 ], [ -77.914974012104594, 34.790434260557127 ], [ -77.914974245998607, 34.790323898898329 ], [ -77.915026082552075, 34.790323347561646 ] ] ] } },
{ "type": "Feature", "properties": { "BLDG_ID": "370614", "YEAR_BUILT": "1925", "estimate_h": 20.0, "height_m": 6.1, "depth_max_ft": 0.0, "depth_mean_ft": 0.0, "depth_max_m": 0.0, "depth_mean_m": 0.0, "wet_pct": 0.0, "flooded": false }, "geometry": { "type": "Polygon", "coordinates": [ [ [ -77.914314322280362, 34.790402405707802 ], [ -77.914313854265117, 34.790402674655915 ], [ -77.914312891265652, 34.790399394226128 ], [ -77.914129738473406, 34.790435416575356 ], [ -77.914117212042882, 34.790392679843571 ], [ -77.914300739753159, 34.790356067674388 ], [ -77.914314322280362, 34.790402405707802 ] ] ] } },
{ "type": "Feature", "properties": { "BLDG_ID": "370615", "YEAR_BUILT": "0", "estimate_h": 20.0, "height_m": 6.1, "depth_max_ft": 1.34, "depth_mean_ft": 1.29, "depth_max_m": 0.41, "depth_mean_m": 0.39, "wet_pct": 5.8, "flooded": true }, "geometry": { "type": "Polygon", "coordinates": [ [ [ -77.913204487589525, 34.792450113471283 ], [ -77.913148300930416, 34.792449615904474 ], [ -77.913151027115958, 34.792343018194686 ], [ -77.913207202954624, 34.79234399619164 ], [ -77.913204487589525, 34.792450113471283 ] ] ] } },
{ "type": "Feature", "properties": { "BLDG_ID": "370617", "YEAR_BUILT": "0", "estimate_h": 15.0, "height_m": 4.57, "depth_max_ft": 0.0, "depth_mean_ft": 0.0, "depth_max_m": 0.0, "depth_mean_m": 0.0, "wet_pct": 0.0, "flooded": false }, "geometry": { "type": "Polygon", "coordinates": [ [ [ -77.907106707525102, 34.787428121156708 ], [ -77.907082068567092, 34.787523514490495 ], [ -77.907004602472242, 34.78750989603995 ], [ -77.907030288970475, 34.787410448026165 ], [ -77.907106707525102, 34.787428121156708 ] ] ] } },
{ "type": "Feature", "properties": { "BLDG_ID": "37061602", "YEAR_BUILT": "2000", "estimate_h": 20.0, "height_m": 6.1, "depth_max_ft": 4.99, "depth_mean_ft": 4.32, "depth_max_m": 1.52, "depth_mean_m": 1.32, "wet_pct": 13.2, "flooded": true }, "geometry": { "type": "Polygon", "coordinates": [ [ [ -77.908763177120804, 34.783710743152369 ], [ -77.908749573574156, 34.78372543051713 ], [ -77.908779485535547, 34.783744990581106 ], [ -77.908745367026583, 34.783780505326007 ], [ -77.908595838795563, 34.783682722304007 ], [ -77.908643871781535, 34.783632724117069 ], [ -77.908763177120804, 34.783710743152369 ] ] ] } },
{ "type": "Feature", "properties": { "BLDG_ID": "3706124498", "YEAR_BUILT": "1961", "estimate_h": 15.0, "height_m": 4.57, "depth_max_ft": 6.14, "depth_mean_ft": 5.17, "depth_max_m": 1.87, "depth_mean_m": 1.58, "wet_pct": 9.3, "flooded": true }, "geometry": { "type": "Polygon", "coordinates": [ [ [ -77.904063366916745, 34.788834164319894 ], [ -77.903973023696864, 34.788848216180199 ], [ -77.903946837169997, 34.788733636074802 ], [ -77.903833570675616, 34.788751254728268 ], [ -77.903840943665003, 34.788783514638602 ], [ -77.903721609227446, 34.788802076831139 ], [ -77.903700762304453, 34.788710857739133 ], [ -77.904023707157478, 34.788660625105713 ], [ -77.904063366916745, 34.788834164319894 ] ] ] } },
{ "type": "Feature", "properties": { "BLDG_ID": "3706124499", "YEAR_BUILT": "0", "estimate_h": 15.0, "height_m": 4.57, "depth_max_ft": 7.79, "depth_mean_ft": 6.14, "depth_max_m": 2.37, "depth_mean_m": 1.87, "wet_pct": 20.0, "flooded": true }, "geometry": { "type": "Polygon", "coordinates": [ [ [ -77.904704131120511, 34.789056470405569 ], [ -77.904651029621448, 34.789065121575057 ], [ -77.904604642344509, 34.788871317467063 ], [ -77.90465774263015, 34.788862666308091 ], [ -77.904704131120511, 34.789056470405569 ] ] ] } },
{ "type": "Feature", "properties": { "BLDG_ID": "3706124500", "YEAR_BUILT": "2019", "estimate_h": 15.0, "height_m": 4.57, "depth_max_ft": 5.87, "depth_mean_ft": 5.0, "depth_max_m": 1.79, "depth_mean_m": 1.52, "wet_pct": 13.4, "flooded": true }, "geometry": { "type": "Polygon", "coordinates": [ [ [ -77.903966842636166, 34.788204071550986 ], [ -77.903782035815368, 34.788217619760424 ], [ -77.903775011214279, 34.788152399447398 ], [ -77.903844703684797, 34.788147290566236 ], [ -77.903839280861618, 34.788096945188116 ], [ -77.903954394983529, 34.788088506777193 ], [ -77.903966842636166, 34.788204071550986 ] ] ] } },
{ "type": "Feature", "properties": { "BLDG_ID": "3706124501", "YEAR_BUILT": "0", "estimate_h": 15.0, "height_m": 4.57, "depth_max_ft": 3.54, "depth_mean_ft": 3.2, "depth_max_m": 1.08, "depth_mean_m": 0.98, "wet_pct": 18.6, "flooded": true }, "geometry": { "type": "Polygon", "coordinates": [ [ [ -77.904512216354505, 34.787972361872136 ], [ -77.904413875187089, 34.787982718786282 ], [ -77.904400151684086, 34.787894025926633 ], [ -77.904374182083401, 34.78789676098279 ], [ -77.904362895719885, 34.787823820648832 ], [ -77.904393543555116, 34.787820593571261 ], [ -77.904386352944954, 34.787774119630356 ], [ -77.904480015599731, 34.787764255667447 ], [ -77.904512216354505, 34.787972361872136 ] ] ] } },
{ "type": "Feature", "properties": { "BLDG_ID": "3706124502", "YEAR_BUILT": "0", "estimate_h": 15.0, "height_m": 4.57, "depth_max_ft": 3.66, "depth_mean_ft": 3.61, "depth_max_m": 1.12, "depth_mean_m": 1.1, "wet_pct": 8.1, "flooded": true }, "geometry": { "type": "Polygon", "coordinates": [ [ [ -77.904651793702229, 34.787999609104048 ], [ -77.904635614821629, 34.787901328418677 ], [ -77.904711873641446, 34.787892784386258 ], [ -77.904728051507163, 34.787991065952873 ], [ -77.904651793702229, 34.787999609104048 ] ] ] } },
{ "type": "Feature", "properties": { "BLDG_ID": "3706124503", "YEAR_BUILT": "1930", "estimate_h": 15.0, "height_m": 4.57, "depth_max_ft": 2.93, "depth_mean_ft": 2.75, "depth_max_m": 0.89, "depth_mean_m": 0.84, "wet_pct": 14.0, "flooded": true }, "geometry": { "type": "Polygon", "coordinates": [ [ [ -77.905092529758022, 34.787743854478194 ], [ -77.90498989260378, 34.787754664114907 ], [ -77.904987077180593, 34.787736468546335 ], [ -77.904961871492077, 34.787739123229905 ], [ -77.904952205023704, 34.787676659346324 ], [ -77.90497893836519, 34.7876738445675 ], [ -77.904970821027206, 34.78762138401683 ], [ -77.905043478910883, 34.787613732001013 ], [ -77.90504797614777, 34.787642797599439 ], [ -77.905076428673823, 34.787639801003351 ], [ -77.905092529758022, 34.787743854478194 ] ] ] } },
{ "type": "Feature", "properties": { "BLDG_ID": "3706124505", "YEAR_BUILT": "0", "estimate_h": 15.0, "height_m": 4.57, "depth_max_ft": 2.42, "depth_mean_ft": 2.18, "depth_max_m": 0.74, "depth_mean_m": 0.66, "wet_pct": 20.7, "flooded": true }, "geometry": { "type": "Polygon", "coordinates": [ [ [ -77.904366137909904, 34.787385113642706 ], [ -77.904232978730136, 34.787401219013695 ], [ -77.904222215494073, 34.787340649162253 ], [ -77.904355374577477, 34.787324543803166 ], [ -77.904366137909904, 34.787385113642706 ] ] ] } },
{ "type": "Feature", "properties": { "BLDG_ID": "3706124506", "YEAR_BUILT": "0", "estimate_h": 15.0, "height_m": 4.57, "depth_max_ft": 0.0, "depth_mean_ft": 0.0, "depth_max_m": 0.0, "depth_mean_m": 0.0, "wet_pct": 0.0, "flooded": false }, "geometry": { "type": "Polygon", "coordinates": [ [ [ -77.904364492498942, 34.787246556639538 ], [ -77.904307411507858, 34.787253382724394 ], [ -77.904274901571611, 34.787068363374317 ], [ -77.90433198352909, 34.787061537314898 ], [ -77.904364492498942, 34.787246556639538 ] ] ] } },
{ "type": "Feature", "properties": { "BLDG_ID": "3706124508", "YEAR_BUILT": "0", "estimate_h": 15.0, "height_m": 4.57, "depth_max_ft": 5.82, "depth_mean_ft": 5.1, "depth_max_m": 1.77, "depth_mean_m": 1.55, "wet_pct": 17.5, "flooded": true }, "geometry": { "type": "Polygon", "coordinates": [ [ [ -77.91268342667486, 34.789128840501952 ], [ -77.91260499961183, 34.788975158693034 ], [ -77.912686254915911, 34.788946936860384 ], [ -77.912707987062689, 34.788989523435497 ], [ -77.912733211638425, 34.788980762872988 ], [ -77.912758211575991, 34.789029749351315 ], [ -77.912728075123908, 34.789040216353406 ], [ -77.912759770249409, 34.789102324150655 ], [ -77.91268342667486, 34.789128840501952 ] ] ] } },
{ "type": "Feature", "properties": { "BLDG_ID": "3706124609", "YEAR_BUILT": "1999", "estimate_h": 20.0, "height_m": 6.1, "depth_max_ft": 4.26, "depth_mean_ft": 3.61, "depth_max_m": 1.3, "depth_mean_m": 1.1, "wet_pct": 21.7, "flooded": true }, "geometry": { "type": "Polygon", "coordinates": [ [ [ -77.90329529584065, 34.784652433856635 ], [ -77.90333192086878, 34.784796673992204 ], [ -77.902998801990876, 34.784854249710534 ], [ -77.902962176431089, 34.784710009463851 ], [ -77.90329529584065, 34.784652433856635 ] ] ] } },
{ "type": "Feature", "properties": { "BLDG_ID": "3706124614", "YEAR_BUILT": "1974", "estimate_h": 15.0, "height_m": 4.57, "depth_max_ft": 5.73, "depth_mean_ft": 5.41, "depth_max_m": 1.75, "depth_mean_m": 1.65, "wet_pct": 100.0, "flooded": true }, "geometry": { "type": "Polygon", "coordinates": [ [ [ -77.903083967113275, 34.786064793859637 ], [ -77.90297695370765, 34.786085344645599 ], [ -77.902903475728522, 34.785824907666523 ], [ -77.903010489904858, 34.785804356955765 ], [ -77.903083967113275, 34.786064793859637 ] ] ] } },
{ "type": "Feature", "properties": { "BLDG_ID": "3706124615", "YEAR_BUILT": "1974", "estimate_h": 15.0, "height_m": 4.57, "depth_max_ft": 3.84, "depth_mean_ft": 3.46, "depth_max_m": 1.17, "depth_mean_m": 1.05, "wet_pct": 17.7, "flooded": true }, "geometry": { "type": "Polygon", "coordinates": [ [ [ -77.903892430620033, 34.785517992629686 ], [ -77.90366090644271, 34.785564950371565 ], [ -77.903642538437794, 34.785503306832055 ], [ -77.903700755852256, 34.785491499514734 ], [ -77.903683846713122, 34.785434750295821 ], [ -77.903735485289658, 34.785424277723401 ], [ -77.903698909273785, 34.785301526744298 ], [ -77.903784391606081, 34.785284188842923 ], [ -77.903821163279261, 34.785407597909966 ], [ -77.903857349829181, 34.785400258054608 ], [ -77.903892430620033, 34.785517992629686 ] ] ] } },
{ "type": "Feature", "properties": { "BLDG_ID": "3706124616", "YEAR_BUILT": "0", "estimate_h": 15.0, "height_m": 4.57, "depth_max_ft": 5.3, "depth_mean_ft": 3.31, "depth_max_m": 1.62, "depth_mean_m": 1.01, "wet_pct": 3.3, "flooded": true }, "geometry": { "type": "Polygon", "coordinates": [ [ [ -77.906664291736234, 34.784911113158351 ], [ -77.906701614661088, 34.785011303156359 ], [ -77.906576947836669, 34.785042914762201 ], [ -77.906568082064467, 34.785019117879507 ], [ -77.906440008454879, 34.785051593628062 ], [ -77.906411550443849, 34.784975201335413 ], [ -77.906664291736234, 34.784911113158351 ] ] ] } },
{ "type": "Feature", "properties": { "BLDG_ID": "3706124617", "YEAR_BUILT": "0", "estimate_h": 20.0, "height_m": 6.1, "depth_max_ft": 7.55, "depth_mean_ft": 7.0, "depth_max_m": 2.3, "depth_mean_m": 2.13, "wet_pct": 66.9, "flooded": true }, "geometry": { "type": "Polygon", "coordinates": [ [ [ -77.907594830131856, 34.784913792767441 ], [ -77.907429308496674, 34.784995992011304 ], [ -77.907351007748574, 34.784888669357379 ], [ -77.907516529257535, 34.784806469319577 ], [ -77.907594830131856, 34.784913792767441 ] ] ] } },
{ "type": "Feature", "properties": { "BLDG_ID": "3706124620", "YEAR_BUILT": "0", "estimate_h": 15.0, "height_m": 4.57, "depth_max_ft": 6.23, "depth_mean_ft": 5.74, "depth_max_m": 1.9, "depth_mean_m": 1.75, "wet_pct": 3.5, "flooded": true }, "geometry": { "type": "Polygon", "coordinates": [ [ [ -77.906862087426958, 34.78398352234202 ], [ -77.906818167935441, 34.783947268450397 ], [ -77.906980882837559, 34.78381309063812 ], [ -77.907024803421791, 34.783849344480359 ], [ -77.906862087426958, 34.78398352234202 ] ] ] } },
{ "type": "Feature", "properties": { "BLDG_ID": "3706124622", "YEAR_BUILT": "2002", "estimate_h": 20.0, "height_m": 6.1, "depth_max_ft": 0.0, "depth_mean_ft": 0.0, "depth_max_m": 0.0, "depth_mean_m": 0.0, "wet_pct": 0.0, "flooded": false }, "geometry": { "type": "Polygon", "coordinates": [ [ [ -77.909675629634023, 34.785232841559697 ], [ -77.909579999053875, 34.785189453078608 ], [ -77.909606056072008, 34.785150362497603 ], [ -77.909591002548339, 34.785143532027362 ], [ -77.90961095591733, 34.785113597316339 ], [ -77.90962803627815, 34.785121346805568 ], [ -77.909656905355007, 34.785078036275678 ], [ -77.909667616282093, 34.785082896254202 ], [ -77.909699828167959, 34.785034570004171 ], [ -77.909782720855134, 34.78507217940426 ], [ -77.909675629634023, 34.785232841559697 ] ] ] } },
{ "type": "Feature", "properties": { "BLDG_ID": "3706124623", "YEAR_BUILT": "2000", "estimate_h": 20.0, "height_m": 6.1, "depth_max_ft": 4.85, "depth_mean_ft": 2.96, "depth_max_m": 1.48, "depth_mean_m": 0.9, "wet_pct": 10.7, "flooded": true }, "geometry": { "type": "Polygon", "coordinates": [ [ [ -77.909528479121505, 34.784198214223835 ], [ -77.909442985633021, 34.784156336544193 ], [ -77.909495533095878, 34.784083313557097 ], [ -77.909463883994178, 34.784067811153982 ], [ -77.909512609264794, 34.784000101540045 ], [ -77.909657152671599, 34.784070904278877 ], [ -77.909705063944358, 34.784004324974035 ], [ -77.909783843688047, 34.784042914066497 ], [ -77.909713075659042, 34.784141257222259 ], [ -77.909606893825909, 34.784089245327706 ], [ -77.909528479121505, 34.784198214223835 ] ] ] } },
{ "type": "Feature", "properties": { "BLDG_ID": "3706124624", "YEAR_BUILT": "1978", "estimate_h": 15.0, "height_m": 4.57, "depth_max_ft": 3.81, "depth_mean_ft": 3.52, "depth_max_m": 1.16, "depth_mean_m": 1.07, "wet_pct": 11.6, "flooded": true }, "geometry": { "type": "Polygon", "coordinates": [ [ [ -77.911446602330813, 34.78622733173556 ], [ -77.911502571515058, 34.786227838085345 ], [ -77.911501919435906, 34.78627689930196 ], [ -77.911456444992709, 34.786276487899421 ], [ -77.911455677812654, 34.786334206606206 ], [ -77.911340241767945, 34.786333162191163 ], [ -77.911340702132108, 34.786298530426684 ], [ -77.911309219985597, 34.786298245570698 ], [ -77.911310486003643, 34.786203009570684 ], [ -77.911345466732783, 34.786203326081967 ], [ -77.911346962887336, 34.786090774198982 ], [ -77.911448405225073, 34.786091692008021 ], [ -77.911446602330813, 34.78622733173556 ] ] ] } },
{ "type": "Feature", "properties": { "BLDG_ID": "3706124625", "YEAR_BUILT": "1956", "estimate_h": 15.0, "height_m": 4.57, "depth_max_ft": 6.64, "depth_mean_ft": 5.75, "depth_max_m": 2.02, "depth_mean_m": 1.75, "wet_pct": 12.0, "flooded": true }, "geometry": { "type": "Polygon", "coordinates": [ [ [ -77.911060075607594, 34.783986954994923 ], [ -77.910924485640052, 34.783888003707816 ], [ -77.911037408595789, 34.783782675696308 ], [ -77.911007886360039, 34.783761130896181 ], [ -77.911053279858336, 34.78371879001871 ], [ -77.911081867035179, 34.783739652883639 ], [ -77.911196306535388, 34.783632909487416 ], [ -77.911332831466595, 34.783732542390965 ], [ -77.911060075607594, 34.783986954994923 ] ] ] } },
{ "type": "Feature", "properties": { "BLDG_ID": "3706124626", "YEAR_BUILT": "0", "estimate_h": 15.0, "height_m": 4.57, "depth_max_ft": 4.83, "depth_mean_ft": 4.46, "depth_max_m": 1.47, "depth_mean_m": 1.36, "wet_pct": 38.2, "flooded": true }, "geometry": { "type": "Polygon", "coordinates": [ [ [ -77.912894317649418, 34.786012403173736 ], [ -77.912872660959792, 34.786143645143696 ], [ -77.912677039384562, 34.786121673640814 ], [ -77.912698696381852, 34.78599043170594 ], [ -77.912894317649418, 34.786012403173736 ] ] ] } },
{ "type": "Feature", "properties": { "BLDG_ID": "3706124853", "YEAR_BUILT": "1992", "estimate_h": 20.0, "height_m": 6.1, "depth_max_ft": 0.92, "depth_mean_ft": 0.86, "depth_max_m": 0.28, "depth_mean_m": 0.26, "wet_pct": 3.8, "flooded": true }, "geometry": { "type": "Polygon", "coordinates": [ [ [ -77.915105129093448, 34.783186280485076 ], [ -77.915099687270612, 34.783237922940231 ], [ -77.914823581565358, 34.783218115882164 ], [ -77.914829024653585, 34.783166473449342 ], [ -77.915105129093448, 34.783186280485076 ] ] ] } },
{ "type": "Feature", "properties": { "BLDG_ID": "3706124854", "YEAR_BUILT": "1956", "estimate_h": 15.0, "height_m": 4.57, "depth_max_ft": 7.17, "depth_mean_ft": 6.06, "depth_max_m": 2.19, "depth_mean_m": 1.85, "wet_pct": 45.9, "flooded": true }, "geometry": { "type": "Polygon", "coordinates": [ [ [ -77.911868262479359, 34.783255184025734 ], [ -77.911834557401292, 34.783304768527692 ], [ -77.911535539733151, 34.783166407712763 ], [ -77.911569244935293, 34.783116823294371 ], [ -77.911868262479359, 34.783255184025734 ] ] ] } },
{ "type": "Feature", "properties": { "BLDG_ID": "3706124855", "YEAR_BUILT": "1956", "estimate_h": 15.0, "height_m": 4.57, "depth_max_ft": 5.81, "depth_mean_ft": 5.19, "depth_max_m": 1.77, "depth_mean_m": 1.58, "wet_pct": 29.3, "flooded": true }, "geometry": { "type": "Polygon", "coordinates": [ [ [ -77.91127646435001, 34.783298897470509 ], [ -77.911149469378188, 34.783249603406844 ], [ -77.911209642399839, 34.783144080031811 ], [ -77.91124895797806, 34.783159340315201 ], [ -77.911295200539925, 34.783078246487484 ], [ -77.911435190718549, 34.783132585873858 ], [ -77.911386085236401, 34.783218700754439 ], [ -77.911333773108993, 34.783198395921467 ], [ -77.91127646435001, 34.783298897470509 ] ] ] } },
{ "type": "Feature", "properties": { "BLDG_ID": "3706124856", "YEAR_BUILT": "1969", "estimate_h": 15.0, "height_m": 4.57, "depth_max_ft": 5.61, "depth_mean_ft": 5.08, "depth_max_m": 1.71, "depth_mean_m": 1.55, "wet_pct": 15.4, "flooded": true }, "geometry": { "type": "Polygon", "coordinates": [ [ [ -77.911441510507316, 34.782988671062711 ], [ -77.911374237753662, 34.782958933153019 ], [ -77.91141091729277, 34.782902448143773 ], [ -77.911379657857182, 34.782888630267117 ], [ -77.911406594099091, 34.782847149128017 ], [ -77.911433575521855, 34.782859075596754 ], [ -77.911455672433249, 34.782825047991956 ], [ -77.911527224214439, 34.782856676362343 ], [ -77.911441510507316, 34.782988671062711 ] ] ] } },
{ "type": "Feature", "properties": { "BLDG_ID": "3706124857", "YEAR_BUILT": "2019", "estimate_h": 15.0, "height_m": 4.57, "depth_max_ft": 3.97, "depth_mean_ft": 3.44, "depth_max_m": 1.21, "depth_mean_m": 1.05, "wet_pct": 6.4, "flooded": true }, "geometry": { "type": "Polygon", "coordinates": [ [ [ -77.910796318597534, 34.782838517320151 ], [ -77.910738829905853, 34.78281588442772 ], [ -77.910853410658234, 34.782617766450315 ], [ -77.910910899230473, 34.782640400189543 ], [ -77.910796318597534, 34.782838517320151 ] ] ] } },
{ "type": "Feature", "properties": { "BLDG_ID": "3706124858", "YEAR_BUILT": "2000", "estimate_h": 20.0, "height_m": 6.1, "depth_max_ft": 0.0, "depth_mean_ft": 0.0, "depth_max_m": 0.0, "depth_mean_m": 0.0, "wet_pct": 0.0, "flooded": false }, "geometry": { "type": "Polygon", "coordinates": [ [ [ -77.911147009327976, 34.781984461700759 ], [ -77.911053193164193, 34.781963616128849 ], [ -77.911115188053543, 34.781773681387619 ], [ -77.911209005108176, 34.781794526921203 ], [ -77.911147009327976, 34.781984461700759 ] ] ] } },
{ "type": "Feature", "properties": { "BLDG_ID": "3706124859", "YEAR_BUILT": "0", "estimate_h": 15.0, "height_m": 4.57, "depth_max_ft": 0.0, "depth_mean_ft": 0.0, "depth_max_m": 0.0, "depth_mean_m": 0.0, "wet_pct": 0.0, "flooded": false }, "geometry": { "type": "Polygon", "coordinates": [ [ [ -77.91204515349034, 34.78205319819709 ], [ -77.912006505420791, 34.782119328455991 ], [ -77.911971288753719, 34.782105318075295 ], [ -77.911955554444646, 34.782132240458765 ], [ -77.911915522508437, 34.782116314887531 ], [ -77.9119322888602, 34.782087626681275 ], [ -77.911896180902261, 34.78207326202088 ], [ -77.911933797019529, 34.782008896723966 ], [ -77.91204515349034, 34.78205319819709 ] ] ] } },
{ "type": "Feature", "properties": { "BLDG_ID": "3706124860", "YEAR_BUILT": "1997", "estimate_h": 15.0, "height_m": 4.57, "depth_max_ft": 3.58, "depth_mean_ft": 3.47, "depth_max_m": 1.09, "depth_mean_m": 1.06, "wet_pct": 1.1, "flooded": true }, "geometry": { "type": "Polygon", "coordinates": [ [ [ -77.912414400634958, 34.781381144095533 ], [ -77.912330407788943, 34.781361073496534 ], [ -77.912356765459862, 34.781285986878096 ], [ -77.912312701152445, 34.781275457751292 ], [ -77.912330515242303, 34.781224707100648 ], [ -77.912376917032134, 34.781235795580201 ], [ -77.912387283353794, 34.781206265104068 ], [ -77.912468937454591, 34.781225776296125 ], [ -77.912414400634958, 34.781381144095533 ] ] ] } },
{ "type": "Feature", "properties": { "BLDG_ID": "3706124861", "YEAR_BUILT": "1940", "estimate_h": 15.0, "height_m": 4.57, "depth_max_ft": 5.51, "depth_mean_ft": 4.21, "depth_max_m": 1.68, "depth_mean_m": 1.28, "wet_pct": 2.6, "flooded": true }, "geometry": { "type": "Polygon", "coordinates": [ [ [ -77.911165522347787, 34.78138139258278 ], [ -77.911078199235945, 34.781470875863242 ], [ -77.910915220863174, 34.781362607892625 ], [ -77.911002544037657, 34.781273124730248 ], [ -77.911165522347787, 34.78138139258278 ] ] ] } },
{ "type": "Feature", "properties": { "BLDG_ID": "3706124862", "YEAR_BUILT": "1970", "estimate_h": 20.0, "height_m": 6.1, "depth_max_ft": 5.15, "depth_mean_ft": 4.43, "depth_max_m": 1.57, "depth_mean_m": 1.35, "wet_pct": 9.5, "flooded": true }, "geometry": { "type": "Polygon", "coordinates": [ [ [ -77.910973327874927, 34.781102569184078 ], [ -77.911072532948111, 34.781008218744226 ], [ -77.91104908823138, 34.780991437771583 ], [ -77.911116301992905, 34.78092751371225 ], [ -77.911296226857658, 34.781056299087858 ], [ -77.911251258719417, 34.781099066723456 ], [ -77.911204125631627, 34.781065330442431 ], [ -77.911191148584734, 34.781077671589181 ], [ -77.911161721412057, 34.781056608206057 ], [ -77.911053246735705, 34.781159773166614 ], [ -77.910973327874927, 34.781102569184078 ] ] ] } },
{ "type": "Feature", "properties": { "BLDG_ID": "3706124863", "YEAR_BUILT": "1940", "estimate_h": 20.0, "height_m": 6.1, "depth_max_ft": 4.77, "depth_mean_ft": 4.38, "depth_max_m": 1.45, "depth_mean_m": 1.34, "wet_pct": 11.7, "flooded": true }, "geometry": { "type": "Polygon", "coordinates": [ [ [ -77.910720294653856, 34.781189753360636 ], [ -77.910642498381534, 34.781252547301747 ], [ -77.910521418517419, 34.781150430803585 ], [ -77.91059921478562, 34.781087636940576 ], [ -77.910720294653856, 34.781189753360636 ] ] ] } },
{ "type": "Feature", "properties": { "BLDG_ID": "3706124864", "YEAR_BUILT": "1940", "estimate_h": 20.0, "height_m": 6.1, "depth_max_ft": 0.0, "depth_mean_ft": 0.0, "depth_max_m": 0.0, "depth_mean_m": 0.0, "wet_pct": 0.0, "flooded": false }, "geometry": { "type": "Polygon", "coordinates": [ [ [ -77.910465995052348, 34.781372173918179 ], [ -77.910387947357265, 34.781315935827529 ], [ -77.910533200822982, 34.781178709285065 ], [ -77.910611248487044, 34.781234947281632 ], [ -77.910465995052348, 34.781372173918179 ] ] ] } },
{ "type": "Feature", "properties": { "BLDG_ID": "3706124865", "YEAR_BUILT": "2000", "estimate_h": 20.0, "height_m": 6.1, "depth_max_ft": 4.68, "depth_mean_ft": 4.31, "depth_max_m": 1.43, "depth_mean_m": 1.31, "wet_pct": 4.8, "flooded": true }, "geometry": { "type": "Polygon", "coordinates": [ [ [ -77.910348228244558, 34.781809824747704 ], [ -77.910130580388682, 34.781681642878645 ], [ -77.910318884533183, 34.781463990272336 ], [ -77.910536532117376, 34.781592170899934 ], [ -77.910348228244558, 34.781809824747704 ] ] ] } },
{ "type": "Feature", "properties": { "BLDG_ID": "3706124867", "YEAR_BUILT": "2019", "estimate_h": 15.0, "height_m": 4.57, "depth_max_ft": 6.12, "depth_mean_ft": 5.18, "depth_max_m": 1.87, "depth_mean_m": 1.58, "wet_pct": 16.2, "flooded": true }, "geometry": { "type": "Polygon", "coordinates": [ [ [ -77.909513624727097, 34.781435703374548 ], [ -77.909472290044306, 34.781409188131505 ], [ -77.909607129027691, 34.781266094734903 ], [ -77.909648463681975, 34.781292609931732 ], [ -77.909513624727097, 34.781435703374548 ] ] ] } },
{ "type": "Feature", "properties": { "BLDG_ID": "3706124868", "YEAR_BUILT": "2019", "estimate_h": 15.0, "height_m": 4.57, "depth_max_ft": 5.27, "depth_mean_ft": 3.74, "depth_max_m": 1.61, "depth_mean_m": 1.14, "wet_pct": 17.6, "flooded": true }, "geometry": { "type": "Polygon", "coordinates": [ [ [ -77.910223936050656, 34.783000739431778 ], [ -77.91017860959586, 34.783039681742565 ], [ -77.910150634645689, 34.783017517851064 ], [ -77.910099529285148, 34.783061426741504 ], [ -77.910013264541675, 34.782993080932279 ], [ -77.910109695284262, 34.782910228899219 ], [ -77.910223936050656, 34.783000739431778 ] ] ] } },
{ "type": "Feature", "properties": { "BLDG_ID": "3706124869", "YEAR_BUILT": "2019", "estimate_h": 15.0, "height_m": 4.57, "depth_max_ft": 4.21, "depth_mean_ft": 3.33, "depth_max_m": 1.28, "depth_mean_m": 1.01, "wet_pct": 20.0, "flooded": true }, "geometry": { "type": "Polygon", "coordinates": [ [ [ -77.909516205623248, 34.782555609550037 ], [ -77.909448977224983, 34.78251022717361 ], [ -77.909482879437448, 34.782476040068943 ], [ -77.909457932921441, 34.782459200097762 ], [ -77.909492872928411, 34.782423965774626 ], [ -77.909523739024849, 34.782444801891351 ], [ -77.909602613645234, 34.782365263030691 ], [ -77.909673647618405, 34.782413214080158 ], [ -77.909610685749684, 34.782476705275378 ], [ -77.909637746284247, 34.782494972602059 ], [ -77.909595541645231, 34.782537532075743 ], [ -77.909558755892462, 34.782512700728226 ], [ -77.909516205623248, 34.782555609550037 ] ] ] } },
{ "type": "Feature", "properties": { "BLDG_ID": "3706124870", "YEAR_BUILT": "0", "estimate_h": 15.0, "height_m": 4.57, "depth_max_ft": 5.31, "depth_mean_ft": 4.99, "depth_max_m": 1.62, "depth_mean_m": 1.52, "wet_pct": 10.4, "flooded": true }, "geometry": { "type": "Polygon", "coordinates": [ [ [ -77.906825614451151, 34.783633758066031 ], [ -77.906780384113148, 34.783599206104867 ], [ -77.90695032647703, 34.783447776935951 ], [ -77.906995556803096, 34.783482328833351 ], [ -77.906825614451151, 34.783633758066031 ] ] ] } },
{ "type": "Feature", "properties": { "BLDG_ID": "3706124871", "YEAR_BUILT": "0", "estimate_h": 15.0, "height_m": 4.57, "depth_max_ft": 0.0, "depth_mean_ft": 0.0, "depth_max_m": 0.0, "depth_mean_m": 0.0, "wet_pct": 0.0, "flooded": false }, "geometry": { "type": "Polygon", "coordinates": [ [ [ -77.907136468171018, 34.783671217988761 ], [ -77.907256975476074, 34.783553974394358 ], [ -77.907297949628841, 34.783582641836539 ], [ -77.907177441247669, 34.783699885461949 ], [ -77.907136468171018, 34.783671217988761 ] ] ] } },
{ "type": "Feature", "properties": { "BLDG_ID": "3706124872", "YEAR_BUILT": "0", "estimate_h": 15.0, "height_m": 4.57, "depth_max_ft": 5.38, "depth_mean_ft": 4.59, "depth_max_m": 1.64, "depth_mean_m": 1.4, "wet_pct": 16.2, "flooded": true }, "geometry": { "type": "Polygon", "coordinates": [ [ [ -77.907504101697342, 34.783385927461417 ], [ -77.907462242462415, 34.783357669472061 ], [ -77.907604084040983, 34.783214642754906 ], [ -77.907645942171243, 34.783242899783609 ], [ -77.907504101697342, 34.783385927461417 ] ] ] } },
{ "type": "Feature", "properties": { "BLDG_ID": "3706124873", "YEAR_BUILT": "2000", "estimate_h": 20.0, "height_m": 6.1, "depth_max_ft": 4.74, "depth_mean_ft": 3.8, "depth_max_m": 1.44, "depth_mean_m": 1.16, "wet_pct": 28.2, "flooded": true }, "geometry": { "type": "Polygon", "coordinates": [ [ [ -77.908445691346756, 34.783608059264424 ], [ -77.908464428632016, 34.783622228602475 ], [ -77.908412602480922, 34.78366887908971 ], [ -77.908391812967025, 34.783653157578819 ], [ -77.908369966092877, 34.783672822425189 ], [ -77.908297201221401, 34.783617796630011 ], [ -77.90834223101092, 34.783577264687281 ], [ -77.908324486886912, 34.783563845419494 ], [ -77.908360292573875, 34.783531616942874 ], [ -77.908376645467058, 34.783543984089732 ], [ -77.908406503084123, 34.78351710735695 ], [ -77.90841696435227, 34.783525018751526 ], [ -77.908472007754128, 34.783475472806018 ], [ -77.908537752607998, 34.783525191368483 ], [ -77.908445691346756, 34.783608059264424 ] ] ] } },
{ "type": "Feature", "properties": { "BLDG_ID": "3706124874", "YEAR_BUILT": "1964", "estimate_h": 20.0, "height_m": 6.1, "depth_max_ft": 3.9, "depth_mean_ft": 3.57, "depth_max_m": 1.19, "depth_mean_m": 1.09, "wet_pct": 0.8, "flooded": true }, "geometry": { "type": "Polygon", "coordinates": [ [ [ -77.908709768115003, 34.783217918614227 ], [ -77.908855066221392, 34.783077807673159 ], [ -77.908933361303824, 34.783133077117228 ], [ -77.908914567556664, 34.783151200139926 ], [ -77.908947932717538, 34.783174752912196 ], [ -77.908921201045246, 34.783200530279089 ], [ -77.908893036429419, 34.783180648913216 ], [ -77.908793263794863, 34.78327685866936 ], [ -77.908709768115003, 34.783217918614227 ] ] ] } },
{ "type": "Feature", "properties": { "BLDG_ID": "3706124875", "YEAR_BUILT": "1964", "estimate_h": 20.0, "height_m": 6.1, "depth_max_ft": 5.03, "depth_mean_ft": 4.58, "depth_max_m": 1.53, "depth_mean_m": 1.4, "wet_pct": 19.1, "flooded": true }, "geometry": { "type": "Polygon", "coordinates": [ [ [ -77.909192325253571, 34.78323383987572 ], [ -77.909101503761377, 34.78332928808355 ], [ -77.908985865820995, 34.783254388659714 ], [ -77.909050743449299, 34.78318620543029 ], [ -77.909017239935594, 34.783164505029482 ], [ -77.909043183867496, 34.78313723924385 ], [ -77.909192325253571, 34.78323383987572 ] ] ] } },
{ "type": "Feature", "properties": { "BLDG_ID": "3706124876", "YEAR_BUILT": "2019", "estimate_h": 15.0, "height_m": 4.57, "depth_max_ft": 1.73, "depth_mean_ft": 1.72, "depth_max_m": 0.53, "depth_mean_m": 0.52, "wet_pct": 0.9, "flooded": true }, "geometry": { "type": "Polygon", "coordinates": [ [ [ -77.909071205550831, 34.782871953815274 ], [ -77.909120945361295, 34.782814679143122 ], [ -77.909099979382404, 34.782802285596311 ], [ -77.909142040843335, 34.782753851363914 ], [ -77.909170926781883, 34.782770927262177 ], [ -77.909232683833736, 34.782699814442061 ], [ -77.909323767325077, 34.782753658814563 ], [ -77.909264847908702, 34.78282150492722 ], [ -77.909284416397099, 34.782833072573411 ], [ -77.909244190506456, 34.782879392220053 ], [ -77.909207384537396, 34.782857633983539 ], [ -77.909189357889758, 34.782878391134091 ], [ -77.909253187241376, 34.782916123797321 ], [ -77.909216800994301, 34.782958022759573 ], [ -77.909071205550831, 34.782871953815274 ] ] ] } },
{ "type": "Feature", "properties": { "BLDG_ID": "3706124877", "YEAR_BUILT": "2000", "estimate_h": 20.0, "height_m": 6.1, "depth_max_ft": 5.8, "depth_mean_ft": 4.86, "depth_max_m": 1.77, "depth_mean_m": 1.48, "wet_pct": 6.8, "flooded": true }, "geometry": { "type": "Polygon", "coordinates": [ [ [ -77.908330693944237, 34.78252465482565 ], [ -77.908240995371273, 34.782461827444493 ], [ -77.908295091814665, 34.78240925278164 ], [ -77.90827035420412, 34.782391925814487 ], [ -77.908372202369875, 34.782292941406546 ], [ -77.90848663959126, 34.782373095627833 ], [ -77.908330693944237, 34.78252465482565 ] ] ] } },
{ "type": "Feature", "properties": { "BLDG_ID": "3706124878", "YEAR_BUILT": "0", "estimate_h": 15.0, "height_m": 4.57, "depth_max_ft": 7.38, "depth_mean_ft": 6.6, "depth_max_m": 2.25, "depth_mean_m": 2.01, "wet_pct": 1.8, "flooded": true }, "geometry": { "type": "Polygon", "coordinates": [ [ [ -77.908357605291499, 34.782080408888334 ], [ -77.908321057631852, 34.782053006278836 ], [ -77.90849103132652, 34.781898687586711 ], [ -77.908527578962136, 34.781926091046152 ], [ -77.908357605291499, 34.782080408888334 ] ] ] } },
{ "type": "Feature", "properties": { "BLDG_ID": "3706124879", "YEAR_BUILT": "1990", "estimate_h": 20.0, "height_m": 6.1, "depth_max_ft": 6.87, "depth_mean_ft": 6.19, "depth_max_m": 2.09, "depth_mean_m": 1.89, "wet_pct": 7.2, "flooded": true }, "geometry": { "type": "Polygon", "coordinates": [ [ [ -77.908853495110407, 34.781882866931383 ], [ -77.908764736402063, 34.781821118606736 ], [ -77.908931326780731, 34.781658110082162 ], [ -77.909020084345457, 34.781719858274279 ], [ -77.908853495110407, 34.781882866931383 ] ] ] } },
{ "type": "Feature", "properties": { "BLDG_ID": "3706124963", "YEAR_BUILT": "0", "estimate_h": 15.0, "height_m": 4.57, "depth_max_ft": 6.31, "depth_mean_ft": 5.74, "depth_max_m": 1.92, "depth_mean_m": 1.75, "wet_pct": 8.2, "flooded": true }, "geometry": { "type": "Polygon", "coordinates": [ [ [ -77.908674759389271, 34.781644568661378 ], [ -77.908590562769561, 34.78159022638939 ], [ -77.908682814978121, 34.781492928940253 ], [ -77.90876701045444, 34.781547272039305 ], [ -77.908674759389271, 34.781644568661378 ] ] ] } },
{ "type": "Feature", "properties": { "BLDG_ID": "3706124965", "YEAR_BUILT": "2000", "estimate_h": 20.0, "height_m": 6.1, "depth_max_ft": 5.75, "depth_mean_ft": 5.31, "depth_max_m": 1.75, "depth_mean_m": 1.62, "wet_pct": 14.2, "flooded": true }, "geometry": { "type": "Polygon", "coordinates": [ [ [ -77.908145656154048, 34.782234345573457 ], [ -77.908055942705587, 34.782170865188817 ], [ -77.908148079682093, 34.78208222653052 ], [ -77.90823779310486, 34.782145706846606 ], [ -77.908145656154048, 34.782234345573457 ] ] ] } },
{ "type": "Feature", "properties": { "BLDG_ID": "3706124967", "YEAR_BUILT": "0", "estimate_h": 15.0, "height_m": 4.57, "depth_max_ft": 6.74, "depth_mean_ft": 6.36, "depth_max_m": 2.05, "depth_mean_m": 1.94, "wet_pct": 48.6, "flooded": true }, "geometry": { "type": "Polygon", "coordinates": [ [ [ -77.905763754984562, 34.782463814529734 ], [ -77.905726525880354, 34.782454915663486 ], [ -77.905781076089397, 34.782299551800996 ], [ -77.905818305128918, 34.78230845065044 ], [ -77.905763754984562, 34.782463814529734 ] ] ] } },
{ "type": "Feature", "properties": { "BLDG_ID": "3706124970", "YEAR_BUILT": "0", "estimate_h": 15.0, "height_m": 4.57, "depth_max_ft": 4.85, "depth_mean_ft": 4.51, "depth_max_m": 1.48, "depth_mean_m": 1.37, "wet_pct": 3.3, "flooded": true }, "geometry": { "type": "Polygon", "coordinates": [ [ [ -77.906479452842348, 34.783096647338823 ], [ -77.906432078363949, 34.783086286120486 ], [ -77.906501428558968, 34.782870443997609 ], [ -77.906548802909256, 34.782880806090105 ], [ -77.906479452842348, 34.783096647338823 ] ] ] } },
{ "type": "Feature", "properties": { "BLDG_ID": "3706124971", "YEAR_BUILT": "0", "estimate_h": 15.0, "height_m": 4.57, "depth_max_ft": 4.79, "depth_mean_ft": 4.54, "depth_max_m": 1.46, "depth_mean_m": 1.38, "wet_pct": 6.9, "flooded": true }, "geometry": { "type": "Polygon", "coordinates": [ [ [ -77.906896281477586, 34.78305714060523 ], [ -77.906876875077558, 34.783101319906564 ], [ -77.906667810002162, 34.783038807801212 ], [ -77.906687216488166, 34.782994629434945 ], [ -77.906896281477586, 34.78305714060523 ] ] ] } },
{ "type": "Feature", "properties": { "BLDG_ID": "3706124972", "YEAR_BUILT": "0", "estimate_h": 15.0, "height_m": 4.57, "depth_max_ft": 5.99, "depth_mean_ft": 5.99, "depth_max_m": 1.83, "depth_mean_m": 1.83, "wet_pct": 1.2, "flooded": true }, "geometry": { "type": "Polygon", "coordinates": [ [ [ -77.907265017639475, 34.783213464220687 ], [ -77.907253704043868, 34.783250444235961 ], [ -77.9070653178523, 34.7832112112714 ], [ -77.907076631527502, 34.783174231273769 ], [ -77.907265017639475, 34.783213464220687 ] ] ] } },
{ "type": "Feature", "properties": { "BLDG_ID": "3706124973", "YEAR_BUILT": "0", "estimate_h": 15.0, "height_m": 4.57, "depth_max_ft": 4.45, "depth_mean_ft": 3.92, "depth_max_m": 1.36, "depth_mean_m": 1.19, "wet_pct": 19.3, "flooded": true }, "geometry": { "type": "Polygon", "coordinates": [ [ [ -77.906274271958651, 34.783005307457671 ], [ -77.906223845827355, 34.782993291108077 ], [ -77.906289312621411, 34.782806277092199 ], [ -77.906339738647119, 34.782818293414408 ], [ -77.906274271958651, 34.783005307457671 ] ] ] } },
{ "type": "Feature", "properties": { "BLDG_ID": "3706124974", "YEAR_BUILT": "0", "estimate_h": 20.0, "height_m": 6.1, "depth_max_ft": 5.31, "depth_mean_ft": 4.96, "depth_max_m": 1.62, "depth_mean_m": 1.51, "wet_pct": 17.1, "flooded": true }, "geometry": { "type": "Polygon", "coordinates": [ [ [ -77.905960424940019, 34.782930296229921 ], [ -77.905919760482917, 34.782919567584543 ], [ -77.905977732003194, 34.782770007405574 ], [ -77.906018395301061, 34.782780736021486 ], [ -77.905960424940019, 34.782930296229921 ] ] ] } },
{ "type": "Feature", "properties": { "BLDG_ID": "3706124975", "YEAR_BUILT": "0", "estimate_h": 15.0, "height_m": 4.57, "depth_max_ft": 6.04, "depth_mean_ft": 5.31, "depth_max_m": 1.84, "depth_mean_m": 1.62, "wet_pct": 11.0, "flooded": true }, "geometry": { "type": "Polygon", "coordinates": [ [ [ -77.905840869418697, 34.783238043133068 ], [ -77.905797542387575, 34.783226374253701 ], [ -77.90587719595591, 34.783025057374942 ], [ -77.905920521787195, 34.783036727117207 ], [ -77.905840869418697, 34.783238043133068 ] ] ] } },
{ "type": "Feature", "properties": { "BLDG_ID": "3706124977", "YEAR_BUILT": "0", "estimate_h": 15.0, "height_m": 4.57, "depth_max_ft": 4.6, "depth_mean_ft": 3.5, "depth_max_m": 1.4, "depth_mean_m": 1.07, "wet_pct": 2.0, "flooded": true }, "geometry": { "type": "Polygon", "coordinates": [ [ [ -77.906115921984153, 34.783598445407691 ], [ -77.906072306000908, 34.783585812944416 ], [ -77.906148152384418, 34.783407551910109 ], [ -77.906191768284486, 34.783420184345971 ], [ -77.906115921984153, 34.783598445407691 ] ] ] } },
{ "type": "Feature", "properties": { "BLDG_ID": "3706124978", "YEAR_BUILT": "0", "estimate_h": 15.0, "height_m": 4.57, "depth_max_ft": 0.0, "depth_mean_ft": 0.0, "depth_max_m": 0.0, "depth_mean_m": 0.0, "wet_pct": 0.0, "flooded": false }, "geometry": { "type": "Polygon", "coordinates": [ [ [ -77.906092178466253, 34.783280736911017 ], [ -77.90604540740317, 34.783269126963802 ], [ -77.906092614753945, 34.783139672712686 ], [ -77.906139385749725, 34.783151282641604 ], [ -77.906092178466253, 34.783280736911017 ] ] ] } },
{ "type": "Feature", "properties": { "BLDG_ID": "3706124984", "YEAR_BUILT": "0", "estimate_h": 20.0, "height_m": 6.1, "depth_max_ft": 6.98, "depth_mean_ft": 6.3, "depth_max_m": 2.13, "depth_mean_m": 1.92, "wet_pct": 38.0, "flooded": true }, "geometry": { "type": "Polygon", "coordinates": [ [ [ -77.908993259753899, 34.779531802279998 ], [ -77.908950236862935, 34.779522680566267 ], [ -77.908997745007099, 34.779370137324015 ], [ -77.909040767823228, 34.779379259020807 ], [ -77.908993259753899, 34.779531802279998 ] ] ] } },
{ "type": "Feature", "properties": { "BLDG_ID": "3706124985", "YEAR_BUILT": "0", "estimate_h": 15.0, "height_m": 4.57, "depth_max_ft": 6.06, "depth_mean_ft": 4.92, "depth_max_m": 1.85, "depth_mean_m": 1.5, "wet_pct": 26.7, "flooded": true }, "geometry": { "type": "Polygon", "coordinates": [ [ [ -77.909310747500001, 34.779595293386649 ], [ -77.909265229306826, 34.779586138345934 ], [ -77.909312852190837, 34.779424937489736 ], [ -77.909358370299756, 34.779434092512453 ], [ -77.909310747500001, 34.779595293386649 ] ] ] } },
{ "type": "Feature", "properties": { "BLDG_ID": "3706124986", "YEAR_BUILT": "0", "estimate_h": 15.0, "height_m": 4.57, "depth_max_ft": 6.33, "depth_mean_ft": 4.71, "depth_max_m": 1.93, "depth_mean_m": 1.44, "wet_pct": 20.0, "flooded": true }, "geometry": { "type": "Polygon", "coordinates": [ [ [ -77.909596448785777, 34.779681585291932 ], [ -77.909551849054296, 34.779674266136773 ], [ -77.909596281560823, 34.779489945628789 ], [ -77.909640881195855, 34.779497264767556 ], [ -77.909596448785777, 34.779681585291932 ] ] ] } },
{ "type": "Feature", "properties": { "BLDG_ID": "3706124987", "YEAR_BUILT": "0", "estimate_h": 15.0, "height_m": 4.57, "depth_max_ft": 6.08, "depth_mean_ft": 5.14, "depth_max_m": 1.85, "depth_mean_m": 1.57, "wet_pct": 6.9, "flooded": true }, "geometry": { "type": "Polygon", "coordinates": [ [ [ -77.909855513820787, 34.779666615020403 ], [ -77.909778231839923, 34.779650772215682 ], [ -77.909811172255388, 34.779541391131097 ], [ -77.909888453034895, 34.779557234806255 ], [ -77.909855513820787, 34.779666615020403 ] ] ] } },
{ "type": "Feature", "properties": { "BLDG_ID": "3706124988", "YEAR_BUILT": "0", "estimate_h": 20.0, "height_m": 6.1, "depth_max_ft": 5.9, "depth_mean_ft": 4.9, "depth_max_m": 1.8, "depth_mean_m": 1.49, "wet_pct": 8.6, "flooded": true }, "geometry": { "type": "Polygon", "coordinates": [ [ [ -77.909419178759578, 34.779858929080312 ], [ -77.909407254495491, 34.779891985594041 ], [ -77.909211994696065, 34.77984403508362 ], [ -77.909223919044038, 34.779810977687802 ], [ -77.909419178759578, 34.779858929080312 ] ] ] } },
{ "type": "Feature", "properties": { "BLDG_ID": "3706124989", "YEAR_BUILT": "0", "estimate_h": 15.0, "height_m": 4.57, "depth_max_ft": 5.74, "depth_mean_ft": 5.27, "depth_max_m": 1.75, "depth_mean_m": 1.61, "wet_pct": 11.5, "flooded": true }, "geometry": { "type": "Polygon", "coordinates": [ [ [ -77.909747046817856, 34.779931171649359 ], [ -77.909733346263323, 34.779970198422916 ], [ -77.909700973590603, 34.779962461815629 ], [ -77.909692325971776, 34.779987095070773 ], [ -77.909651499870677, 34.779977338088521 ], [ -77.909659209374979, 34.779955376657476 ], [ -77.909544105159398, 34.779927868296284 ], [ -77.909558743913308, 34.779886170625339 ], [ -77.909747046817856, 34.779931171649359 ] ] ] } },
{ "type": "Feature", "properties": { "BLDG_ID": "3706124990", "YEAR_BUILT": "0", "estimate_h": 15.0, "height_m": 4.57, "depth_max_ft": 4.83, "depth_mean_ft": 4.75, "depth_max_m": 1.47, "depth_mean_m": 1.45, "wet_pct": 1.9, "flooded": true }, "geometry": { "type": "Polygon", "coordinates": [ [ [ -77.910078297494252, 34.780012103399351 ], [ -77.910065376247985, 34.780051616896444 ], [ -77.909849128837322, 34.780003477291466 ], [ -77.909862050192331, 34.779963962916014 ], [ -77.910078297494252, 34.780012103399351 ] ] ] } },
{ "type": "Feature", "properties": { "BLDG_ID": "3706124993", "YEAR_BUILT": "0", "estimate_h": 20.0, "height_m": 6.1, "depth_max_ft": 6.11, "depth_mean_ft": 5.86, "depth_max_m": 1.86, "depth_mean_m": 1.79, "wet_pct": 14.4, "flooded": true }, "geometry": { "type": "Polygon", "coordinates": [ [ [ -77.909786064004351, 34.780416422977417 ], [ -77.90974371227513, 34.780384667784773 ], [ -77.909857023303275, 34.780281788535092 ], [ -77.909899376127768, 34.780313542796371 ], [ -77.909786064004351, 34.780416422977417 ] ] ] } },
{ "type": "Feature", "properties": { "BLDG_ID": "3706124994", "YEAR_BUILT": "1967", "estimate_h": 20.0, "height_m": 6.1, "depth_max_ft": 5.72, "depth_mean_ft": 5.39, "depth_max_m": 1.74, "depth_mean_m": 1.64, "wet_pct": 11.2, "flooded": true }, "geometry": { "type": "Polygon", "coordinates": [ [ [ -77.909889270968364, 34.780809894300646 ], [ -77.909855960190569, 34.780892641919877 ], [ -77.90968168372298, 34.780844881423178 ], [ -77.909714995737957, 34.780762134763457 ], [ -77.909889270968364, 34.780809894300646 ] ] ] } },
{ "type": "Feature", "properties": { "BLDG_ID": "3706124995", "YEAR_BUILT": "1967", "estimate_h": 20.0, "height_m": 6.1, "depth_max_ft": 5.33, "depth_mean_ft": 4.57, "depth_max_m": 1.62, "depth_mean_m": 1.39, "wet_pct": 8.3, "flooded": true }, "geometry": { "type": "Polygon", "coordinates": [ [ [ -77.910060241129358, 34.780843192451471 ], [ -77.909980559444392, 34.78078474490119 ], [ -77.910027989063352, 34.780740727941669 ], [ -77.910092918034962, 34.780788353882116 ], [ -77.910173746309439, 34.7807133401366 ], [ -77.91023318566792, 34.780756940416467 ], [ -77.910177825780366, 34.780808317138906 ], [ -77.910203900864971, 34.78082744361366 ], [ -77.910140228834052, 34.78088653446185 ], [ -77.910117928226811, 34.780870176581907 ], [ -77.910083461799374, 34.780902163460667 ], [ -77.910035001725106, 34.780866616994153 ], [ -77.910060241129358, 34.780843192451471 ] ] ] } },
{ "type": "Feature", "properties": { "BLDG_ID": "3706124996", "YEAR_BUILT": "1927", "estimate_h": 20.0, "height_m": 6.1, "depth_max_ft": 4.73, "depth_mean_ft": 4.08, "depth_max_m": 1.44, "depth_mean_m": 1.24, "wet_pct": 11.8, "flooded": true }, "geometry": { "type": "Polygon", "coordinates": [ [ [ -77.910540664238425, 34.780492529483311 ], [ -77.910481210161976, 34.780561420739637 ], [ -77.910321539690472, 34.780467613085172 ], [ -77.910380994925674, 34.7803987219175 ], [ -77.910540664238425, 34.780492529483311 ] ] ] } },
{ "type": "Feature", "properties": { "BLDG_ID": "3706124997", "YEAR_BUILT": "1935", "estimate_h": 20.0, "height_m": 6.1, "depth_max_ft": 5.14, "depth_mean_ft": 4.5, "depth_max_m": 1.57, "depth_mean_m": 1.37, "wet_pct": 16.4, "flooded": true }, "geometry": { "type": "Polygon", "coordinates": [ [ [ -77.910958660903447, 34.780100891878831 ], [ -77.910839519455706, 34.780019909451951 ], [ -77.910898457061975, 34.779960880867321 ], [ -77.910848698014505, 34.779927058460316 ], [ -77.91095406457957, 34.779821528728917 ], [ -77.910996465345789, 34.779850348475364 ], [ -77.911037553191221, 34.779809196564251 ], [ -77.91108503492535, 34.779841470145989 ], [ -77.911132425094422, 34.779794005759058 ], [ -77.911186156253564, 34.779830527189482 ], [ -77.911139005321317, 34.779877750342834 ], [ -77.911164294226197, 34.779894939266207 ], [ -77.910958660903447, 34.780100891878831 ] ] ] } },
{ "type": "Feature", "properties": { "BLDG_ID": "3706124998", "YEAR_BUILT": "1935", "estimate_h": 20.0, "height_m": 6.1, "depth_max_ft": 4.86, "depth_mean_ft": 4.5, "depth_max_m": 1.48, "depth_mean_m": 1.37, "wet_pct": 16.9, "flooded": true }, "geometry": { "type": "Polygon", "coordinates": [ [ [ -77.910861600994096, 34.779770975469297 ], [ -77.910790570297365, 34.779842036694717 ], [ -77.91073683552429, 34.779805470877179 ], [ -77.910761033665935, 34.779781262328648 ], [ -77.91070729784137, 34.77974469738944 ], [ -77.910754129328694, 34.779697844755191 ], [ -77.910861600994096, 34.779770975469297 ] ] ] } },
{ "type": "Feature", "properties": { "BLDG_ID": "3706125000", "YEAR_BUILT": "1965", "estimate_h": 15.0, "height_m": 4.57, "depth_max_ft": 5.24, "depth_mean_ft": 4.64, "depth_max_m": 1.6, "depth_mean_m": 1.41, "wet_pct": 3.3, "flooded": true }, "geometry": { "type": "Polygon", "coordinates": [ [ [ -77.911402019843663, 34.77964309634946 ], [ -77.91132058367505, 34.779587269053032 ], [ -77.911458836955518, 34.779449977183525 ], [ -77.911540273069861, 34.779505805287954 ], [ -77.911402019843663, 34.77964309634946 ] ] ] } },
{ "type": "Feature", "properties": { "BLDG_ID": "3706125001", "YEAR_BUILT": "1965", "estimate_h": 15.0, "height_m": 4.57, "depth_max_ft": 5.14, "depth_mean_ft": 4.08, "depth_max_m": 1.57, "depth_mean_m": 1.24, "wet_pct": 4.5, "flooded": true }, "geometry": { "type": "Polygon", "coordinates": [ [ [ -77.911198299999853, 34.779442098487692 ], [ -77.911293851016111, 34.779359261026592 ], [ -77.911386704508772, 34.779432173340517 ], [ -77.911327364729189, 34.779483617344248 ], [ -77.911284199975654, 34.779449722258406 ], [ -77.911247987653695, 34.779481115766551 ], [ -77.911198299999853, 34.779442098487692 ] ] ] } },
{ "type": "Feature", "properties": { "BLDG_ID": "3706125002", "YEAR_BUILT": "1984", "estimate_h": 15.0, "height_m": 4.57, "depth_max_ft": 5.48, "depth_mean_ft": 5.06, "depth_max_m": 1.67, "depth_mean_m": 1.54, "wet_pct": 6.6, "flooded": true }, "geometry": { "type": "Polygon", "coordinates": [ [ [ -77.912122528211626, 34.779915152987911 ], [ -77.912041622944002, 34.779990811034516 ], [ -77.91182917731156, 34.779836152809011 ], [ -77.911812472456873, 34.779851773517528 ], [ -77.911771996563729, 34.779822307026159 ], [ -77.911869606727578, 34.779731029347786 ], [ -77.912122528211626, 34.779915152987911 ] ] ] } },
{ "type": "Feature", "properties": { "BLDG_ID": "3706125003", "YEAR_BUILT": "2019", "estimate_h": 15.0, "height_m": 4.57, "depth_max_ft": 4.57, "depth_mean_ft": 4.05, "depth_max_m": 1.39, "depth_mean_m": 1.23, "wet_pct": 5.9, "flooded": true }, "geometry": { "type": "Polygon", "coordinates": [ [ [ -77.911489731193683, 34.78093983718059 ], [ -77.91164582137894, 34.780776729959655 ], [ -77.91169153518058, 34.780806510730095 ], [ -77.9115354450296, 34.780969618010225 ], [ -77.911489731193683, 34.78093983718059 ] ] ] } },
{ "type": "Feature", "properties": { "BLDG_ID": "3706125004", "YEAR_BUILT": "1920", "estimate_h": 20.0, "height_m": 6.1, "depth_max_ft": 3.79, "depth_mean_ft": 3.55, "depth_max_m": 1.16, "depth_mean_m": 1.08, "wet_pct": 8.8, "flooded": true }, "geometry": { "type": "Polygon", "coordinates": [ [ [ -77.911861947610006, 34.780570871979464 ], [ -77.911728916030825, 34.780578327254851 ], [ -77.911726024929507, 34.780543200869786 ], [ -77.911656533727509, 34.780547095369101 ], [ -77.911652298026269, 34.780495652199512 ], [ -77.911775807242165, 34.780488730248159 ], [ -77.911773238722049, 34.780457532151722 ], [ -77.911852252085922, 34.780453103439008 ], [ -77.911861947610006, 34.780570871979464 ] ] ] } },
{ "type": "Feature", "properties": { "BLDG_ID": "3706125005", "YEAR_BUILT": "1966", "estimate_h": 20.0, "height_m": 6.1, "depth_max_ft": 0.0, "depth_mean_ft": 0.0, "depth_max_m": 0.0, "depth_mean_m": 0.0, "wet_pct": 0.0, "flooded": false }, "geometry": { "type": "Polygon", "coordinates": [ [ [ -77.912488387313957, 34.780287906038438 ], [ -77.912390747342585, 34.780272896953129 ], [ -77.912416764441758, 34.780157679943919 ], [ -77.912514404268634, 34.780172689909662 ], [ -77.912488387313957, 34.780287906038438 ] ] ] } },
{ "type": "Feature", "properties": { "BLDG_ID": "3706125006", "YEAR_BUILT": "1960", "estimate_h": 15.0, "height_m": 4.57, "depth_max_ft": 5.62, "depth_mean_ft": 4.93, "depth_max_m": 1.71, "depth_mean_m": 1.5, "wet_pct": 6.6, "flooded": true }, "geometry": { "type": "Polygon", "coordinates": [ [ [ -77.911933239333322, 34.779154345608084 ], [ -77.911849058368517, 34.779099926414567 ], [ -77.911890708073102, 34.77905606471893 ], [ -77.911816294875408, 34.779007959079372 ], [ -77.911864795275349, 34.778956883808995 ], [ -77.91194027883094, 34.779005680674395 ], [ -77.911977848134299, 34.778966116722287 ], [ -77.912060959762599, 34.779019844581008 ], [ -77.911933239333322, 34.779154345608084 ] ] ] } },
{ "type": "Feature", "properties": { "BLDG_ID": "3706125007", "YEAR_BUILT": "1964", "estimate_h": 15.0, "height_m": 4.57, "depth_max_ft": 0.0, "depth_mean_ft": 0.0, "depth_max_m": 0.0, "depth_mean_m": 0.0, "wet_pct": 0.0, "flooded": false }, "geometry": { "type": "Polygon", "coordinates": [ [ [ -77.911894516751886, 34.778646007114759 ], [ -77.911807540923732, 34.778591533759212 ], [ -77.911889176046827, 34.778502796410812 ], [ -77.911976151823083, 34.778557270608857 ], [ -77.911894516751886, 34.778646007114759 ] ] ] } },
{ "type": "Feature", "properties": { "BLDG_ID": "3706125008", "YEAR_BUILT": "1964", "estimate_h": 15.0, "height_m": 4.57, "depth_max_ft": 5.53, "depth_mean_ft": 4.16, "depth_max_m": 1.69, "depth_mean_m": 1.27, "wet_pct": 6.1, "flooded": true }, "geometry": { "type": "Polygon", "coordinates": [ [ [ -77.912307093641942, 34.778661283181954 ], [ -77.912269187205652, 34.778694661323577 ], [ -77.912259621876515, 34.778687265936661 ], [ -77.912203056256104, 34.778737073879547 ], [ -77.912125442386795, 34.778677066914959 ], [ -77.912160998367298, 34.778645759172335 ], [ -77.911957320497763, 34.778488286426594 ], [ -77.912016237692328, 34.778436408257974 ], [ -77.912307093641942, 34.778661283181954 ] ] ] } },
{ "type": "Feature", "properties": { "BLDG_ID": "3706125010", "YEAR_BUILT": "1997", "estimate_h": 20.0, "height_m": 6.1, "depth_max_ft": 3.49, "depth_mean_ft": 3.28, "depth_max_m": 1.06, "depth_mean_m": 1.0, "wet_pct": 5.2, "flooded": true }, "geometry": { "type": "Polygon", "coordinates": [ [ [ -77.910139507198153, 34.778303969548077 ], [ -77.910008546683017, 34.77827109255567 ], [ -77.910028463478213, 34.778217084133551 ], [ -77.910070822102909, 34.778227717667839 ], [ -77.910119857895609, 34.778094741670728 ], [ -77.910208459577149, 34.778116985071044 ], [ -77.910139507198153, 34.778303969548077 ] ] ] } },
{ "type": "Feature", "properties": { "BLDG_ID": "3706125011", "YEAR_BUILT": "1951", "estimate_h": 20.0, "height_m": 6.1, "depth_max_ft": 4.29, "depth_mean_ft": 3.68, "depth_max_m": 1.31, "depth_mean_m": 1.12, "wet_pct": 27.1, "flooded": true }, "geometry": { "type": "Polygon", "coordinates": [ [ [ -77.910385605534216, 34.777685644848972 ], [ -77.910425461868442, 34.777582099801229 ], [ -77.910516517506792, 34.777605960956144 ], [ -77.910499057797409, 34.777651319649401 ], [ -77.91051821732998, 34.777656340817757 ], [ -77.91049582082087, 34.777714527205859 ], [ -77.910385605534216, 34.777685644848972 ] ] ] } },
{ "type": "Feature", "properties": { "BLDG_ID": "3706125012", "YEAR_BUILT": "1947", "estimate_h": 20.0, "height_m": 6.1, "depth_max_ft": 0.0, "depth_mean_ft": 0.0, "depth_max_m": 0.0, "depth_mean_m": 0.0, "wet_pct": 0.0, "flooded": false }, "geometry": { "type": "Polygon", "coordinates": [ [ [ -77.912504503787488, 34.777756770811948 ], [ -77.912456365268795, 34.777851116119116 ], [ -77.912285745310783, 34.777791847990706 ], [ -77.912333883991209, 34.777697502751693 ], [ -77.912504503787488, 34.777756770811948 ] ] ] } },
{ "type": "Feature", "properties": { "BLDG_ID": "3706125013", "YEAR_BUILT": "0", "estimate_h": 15.0, "height_m": 4.57, "depth_max_ft": 5.27, "depth_mean_ft": 5.07, "depth_max_m": 1.61, "depth_mean_m": 1.55, "wet_pct": 95.1, "flooded": true }, "geometry": { "type": "Polygon", "coordinates": [ [ [ -77.912929782691151, 34.780768134133424 ], [ -77.912878013669783, 34.780742812306087 ], [ -77.913009884524655, 34.780559281558311 ], [ -77.913061652390212, 34.780584602417676 ], [ -77.912929782691151, 34.780768134133424 ] ] ] } },
{ "type": "Feature", "properties": { "BLDG_ID": "3706125014", "YEAR_BUILT": "0", "estimate_h": 15.0, "height_m": 4.57, "depth_max_ft": 2.88, "depth_mean_ft": 2.43, "depth_max_m": 0.88, "depth_mean_m": 0.74, "wet_pct": 25.1, "flooded": true }, "geometry": { "type": "Polygon", "coordinates": [ [ [ -77.913754163352365, 34.780331090991787 ], [ -77.913630929397272, 34.780259875208095 ], [ -77.913723326122636, 34.780151030856949 ], [ -77.913846560006192, 34.780222245644744 ], [ -77.913754163352365, 34.780331090991787 ] ] ] } },
{ "type": "Feature", "properties": { "BLDG_ID": "3706125015", "YEAR_BUILT": "0", "estimate_h": 15.0, "height_m": 4.57, "depth_max_ft": 2.69, "depth_mean_ft": 2.46, "depth_max_m": 0.82, "depth_mean_m": 0.75, "wet_pct": 10.7, "flooded": true }, "geometry": { "type": "Polygon", "coordinates": [ [ [ -77.913821180027114, 34.780025748074095 ], [ -77.913714345560663, 34.780004697776675 ], [ -77.913751007762656, 34.779878032203257 ], [ -77.913857842073298, 34.779899082468148 ], [ -77.913821180027114, 34.780025748074095 ] ] ] } },
{ "type": "Feature", "properties": { "BLDG_ID": "3706125016", "YEAR_BUILT": "1966", "estimate_h": 15.0, "height_m": 4.57, "depth_max_ft": 6.25, "depth_mean_ft": 5.45, "depth_max_m": 1.9, "depth_mean_m": 1.66, "wet_pct": 3.4, "flooded": true }, "geometry": { "type": "Polygon", "coordinates": [ [ [ -77.913787819060161, 34.779376030937648 ], [ -77.913663219182112, 34.779291581541649 ], [ -77.913836943287862, 34.779117086357317 ], [ -77.913961541999043, 34.779201534662448 ], [ -77.913787819060161, 34.779376030937648 ] ] ] } },
{ "type": "Feature", "properties": { "BLDG_ID": "3706125017", "YEAR_BUILT": "1966", "estimate_h": 15.0, "height_m": 4.57, "depth_max_ft": 6.27, "depth_mean_ft": 5.43, "depth_max_m": 1.91, "depth_mean_m": 1.66, "wet_pct": 4.0, "flooded": true }, "geometry": { "type": "Polygon", "coordinates": [ [ [ -77.913596309420953, 34.779045264047333 ], [ -77.913495305161959, 34.779144593987382 ], [ -77.91336297841903, 34.779052990076366 ], [ -77.913334900827863, 34.779080602629122 ], [ -77.913214901188326, 34.778997532217701 ], [ -77.913369616150717, 34.778845381414214 ], [ -77.913486756242904, 34.778926472178604 ], [ -77.913461122139424, 34.778951681645196 ], [ -77.913596309420953, 34.779045264047333 ] ] ] } },
{ "type": "Feature", "properties": { "BLDG_ID": "3706125018", "YEAR_BUILT": "1966", "estimate_h": 15.0, "height_m": 4.57, "depth_max_ft": 6.26, "depth_mean_ft": 5.21, "depth_max_m": 1.91, "depth_mean_m": 1.59, "wet_pct": 6.3, "flooded": true }, "geometry": { "type": "Polygon", "coordinates": [ [ [ -77.913041472536918, 34.778942118305672 ], [ -77.913155008309204, 34.778821919166809 ], [ -77.913134629099559, 34.778808815784558 ], [ -77.913183170984837, 34.77875742482167 ], [ -77.913214522003145, 34.778777584605542 ], [ -77.913252638651713, 34.778737230936329 ], [ -77.913343662521996, 34.778795762536809 ], [ -77.913274759099977, 34.778868709733871 ], [ -77.913297332269948, 34.778883224909713 ], [ -77.913236410268354, 34.778947721781812 ], [ -77.913204431874561, 34.778927158751358 ], [ -77.913134063114072, 34.779001657731804 ], [ -77.913041472536918, 34.778942118305672 ] ] ] } },
{ "type": "Feature", "properties": { "BLDG_ID": "3706125019", "YEAR_BUILT": "0", "estimate_h": 15.0, "height_m": 4.57, "depth_max_ft": 6.65, "depth_mean_ft": 5.71, "depth_max_m": 2.03, "depth_mean_m": 1.74, "wet_pct": 25.9, "flooded": true }, "geometry": { "type": "Polygon", "coordinates": [ [ [ -77.91358742758328, 34.778673548584813 ], [ -77.913376272121198, 34.778531798767929 ], [ -77.913411329770071, 34.778497408251958 ], [ -77.913622485204158, 34.778639158007465 ], [ -77.91358742758328, 34.778673548584813 ] ] ] } },
{ "type": "Feature", "properties": { "BLDG_ID": "3706125021", "YEAR_BUILT": "1920", "estimate_h": 15.0, "height_m": 4.57, "depth_max_ft": 4.38, "depth_mean_ft": 3.6, "depth_max_m": 1.34, "depth_mean_m": 1.1, "wet_pct": 11.4, "flooded": true }, "geometry": { "type": "Polygon", "coordinates": [ [ [ -77.913141591259006, 34.779569349088753 ], [ -77.912788624752579, 34.779543069315586 ], [ -77.912804502039663, 34.779397894792581 ], [ -77.912930489836512, 34.779407275246271 ], [ -77.912926937989766, 34.779439760428836 ], [ -77.913024832501904, 34.779447048669518 ], [ -77.913020488647788, 34.77948676798632 ], [ -77.91308602713562, 34.779491647892051 ], [ -77.913083529960659, 34.779514486054445 ], [ -77.913147074126144, 34.779519217183946 ], [ -77.913141591259006, 34.779569349088753 ] ] ] } },
{ "type": "Feature", "properties": { "BLDG_ID": "3706125022", "YEAR_BUILT": "1920", "estimate_h": 15.0, "height_m": 4.57, "depth_max_ft": 4.98, "depth_mean_ft": 4.73, "depth_max_m": 1.52, "depth_mean_m": 1.44, "wet_pct": 89.6, "flooded": true }, "geometry": { "type": "Polygon", "coordinates": [ [ [ -77.913518812295848, 34.779613163923692 ], [ -77.913483933222707, 34.779635460829425 ], [ -77.913339057440538, 34.7794811792809 ], [ -77.913373936487417, 34.779458882417131 ], [ -77.913518812295848, 34.779613163923692 ] ] ] } },
{ "type": "Feature", "properties": { "BLDG_ID": "3706125023", "YEAR_BUILT": "1930", "estimate_h": 15.0, "height_m": 4.57, "depth_max_ft": 5.2, "depth_mean_ft": 4.37, "depth_max_m": 1.58, "depth_mean_m": 1.33, "wet_pct": 11.1, "flooded": true }, "geometry": { "type": "Polygon", "coordinates": [ [ [ -77.912627635997012, 34.780075579120989 ], [ -77.912653652700342, 34.779960362060066 ], [ -77.912741723566242, 34.779973900572031 ], [ -77.912734055606023, 34.780007857754256 ], [ -77.912771823655959, 34.780013663387351 ], [ -77.912753475068641, 34.780094923290847 ], [ -77.912627635997012, 34.780075579120989 ] ] ] } },
{ "type": "Feature", "properties": { "BLDG_ID": "3706125024", "YEAR_BUILT": "0", "estimate_h": 15.0, "height_m": 4.57, "depth_max_ft": 3.77, "depth_mean_ft": 2.56, "depth_max_m": 1.15, "depth_mean_m": 0.78, "wet_pct": 25.5, "flooded": true }, "geometry": { "type": "Polygon", "coordinates": [ [ [ -77.9134593264465, 34.77987816611374 ], [ -77.913396519134835, 34.77986605356638 ], [ -77.913374585608082, 34.779943480226443 ], [ -77.913284439348942, 34.779926095431094 ], [ -77.913298774744973, 34.779875493532877 ], [ -77.913262568481912, 34.77986851121851 ], [ -77.913301428243287, 34.779731339073606 ], [ -77.91342186893317, 34.779754566368439 ], [ -77.913406152255419, 34.77981004493634 ], [ -77.913474870018177, 34.779823297229882 ], [ -77.9134593264465, 34.77987816611374 ] ] ] } },
{ "type": "Feature", "properties": { "BLDG_ID": "3706125025", "YEAR_BUILT": "0", "estimate_h": 15.0, "height_m": 4.57, "depth_max_ft": 3.55, "depth_mean_ft": 3.24, "depth_max_m": 1.08, "depth_mean_m": 0.99, "wet_pct": 12.2, "flooded": true }, "geometry": { "type": "Polygon", "coordinates": [ [ [ -77.9134674839121, 34.780054303491994 ], [ -77.91339221038217, 34.780040516867224 ], [ -77.913421646671466, 34.779931104090664 ], [ -77.91349692119833, 34.779944890706865 ], [ -77.9134674839121, 34.780054303491994 ] ] ] } },
{ "type": "Feature", "properties": { "BLDG_ID": "3706125492", "YEAR_BUILT": "1997", "estimate_h": 15.0, "height_m": 4.57, "depth_max_ft": 3.76, "depth_mean_ft": 3.28, "depth_max_m": 1.15, "depth_mean_m": 1.0, "wet_pct": 12.4, "flooded": true }, "geometry": { "type": "Polygon", "coordinates": [ [ [ -77.915203122652954, 34.777108627716331 ], [ -77.915141118274917, 34.777058887006135 ], [ -77.915279093334348, 34.77694179306549 ], [ -77.915341097707525, 34.776991533704724 ], [ -77.915203122652954, 34.777108627716331 ] ] ] } },
{ "type": "Feature", "properties": { "BLDG_ID": "3706125494", "YEAR_BUILT": "1950", "estimate_h": 20.0, "height_m": 6.1, "depth_max_ft": 0.0, "depth_mean_ft": 0.0, "depth_max_m": 0.0, "depth_mean_m": 0.0, "wet_pct": 0.0, "flooded": false }, "geometry": { "type": "Polygon", "coordinates": [ [ [ -77.915889611468387, 34.776514466161373 ], [ -77.915813695455626, 34.776435851664303 ], [ -77.915777878522434, 34.776459400238366 ], [ -77.915742329582542, 34.776422588537386 ], [ -77.915779403051559, 34.776398213753986 ], [ -77.91575712260105, 34.776375141419045 ], [ -77.915852555647078, 34.776312398598698 ], [ -77.915986301115595, 34.776450897014108 ], [ -77.915889611468387, 34.776514466161373 ] ] ] } },
{ "type": "Feature", "properties": { "BLDG_ID": "3706125497", "YEAR_BUILT": "1999", "estimate_h": 15.0, "height_m": 4.57, "depth_max_ft": 4.14, "depth_mean_ft": 3.84, "depth_max_m": 1.26, "depth_mean_m": 1.17, "wet_pct": 10.0, "flooded": true }, "geometry": { "type": "Polygon", "coordinates": [ [ [ -77.914710392885965, 34.777335087241468 ], [ -77.914628554869637, 34.777283616670793 ], [ -77.914763416274255, 34.777137632853126 ], [ -77.914845253148911, 34.77718910242092 ], [ -77.914710392885965, 34.777335087241468 ] ] ] } },
{ "type": "Feature", "properties": { "BLDG_ID": "3706125500", "YEAR_BUILT": "1945", "estimate_h": 15.0, "height_m": 4.57, "depth_max_ft": 4.29, "depth_mean_ft": 3.84, "depth_max_m": 1.31, "depth_mean_m": 1.17, "wet_pct": 8.5, "flooded": true }, "geometry": { "type": "Polygon", "coordinates": [ [ [ -77.914582466836293, 34.777749559733763 ], [ -77.914511073509772, 34.777821071520989 ], [ -77.914432579536822, 34.777767720598639 ], [ -77.914417521710021, 34.777782803869897 ], [ -77.914346444591345, 34.777734494593872 ], [ -77.914411344443607, 34.777669488529149 ], [ -77.914436107059046, 34.777686319508852 ], [ -77.914457660589264, 34.777664730627812 ], [ -77.914582466836293, 34.777749559733763 ] ] ] } },
{ "type": "Feature", "properties": { "BLDG_ID": "3706125501", "YEAR_BUILT": "1945", "estimate_h": 15.0, "height_m": 4.57, "depth_max_ft": 4.92, "depth_mean_ft": 4.7, "depth_max_m": 1.5, "depth_mean_m": 1.43, "wet_pct": 11.4, "flooded": true }, "geometry": { "type": "Polygon", "coordinates": [ [ [ -77.914643398808678, 34.777903082525917 ], [ -77.914583612964833, 34.777872746772822 ], [ -77.914669086800544, 34.777758065711261 ], [ -77.914728872580383, 34.777788402323353 ], [ -77.914643398808678, 34.777903082525917 ] ] ] } },
{ "type": "Feature", "properties": { "BLDG_ID": "3706125502", "YEAR_BUILT": "1945", "estimate_h": 15.0, "height_m": 4.57, "depth_max_ft": 1.71, "depth_mean_ft": 1.48, "depth_max_m": 0.52, "depth_mean_m": 0.45, "wet_pct": 31.3, "flooded": true }, "geometry": { "type": "Polygon", "coordinates": [ [ [ -77.914967172702092, 34.777755915827413 ], [ -77.914895693020938, 34.777734918547935 ], [ -77.91493539075779, 34.77764291503324 ], [ -77.915006871461344, 34.777663912298991 ], [ -77.914967172702092, 34.777755915827413 ] ] ] } },
{ "type": "Feature", "properties": { "BLDG_ID": "3706125511", "YEAR_BUILT": "0", "estimate_h": 15.0, "height_m": 4.57, "depth_max_ft": 4.04, "depth_mean_ft": 3.48, "depth_max_m": 1.23, "depth_mean_m": 1.06, "wet_pct": 3.7, "flooded": true }, "geometry": { "type": "Polygon", "coordinates": [ [ [ -77.910836476435477, 34.776662206378511 ], [ -77.910790262082784, 34.776761300714938 ], [ -77.909835828590261, 34.776458252984696 ], [ -77.909882043914635, 34.776359159915749 ], [ -77.910836476435477, 34.776662206378511 ] ] ] } },
{ "type": "Feature", "properties": { "BLDG_ID": "3706125512", "YEAR_BUILT": "0", "estimate_h": 15.0, "height_m": 4.57, "depth_max_ft": 4.37, "depth_mean_ft": 3.96, "depth_max_m": 1.33, "depth_mean_m": 1.21, "wet_pct": 99.9, "flooded": true }, "geometry": { "type": "Polygon", "coordinates": [ [ [ -77.910902119504385, 34.776460760373581 ], [ -77.910850533701989, 34.776567267374311 ], [ -77.909941532709851, 34.776267518544564 ], [ -77.909993120597974, 34.776161011942882 ], [ -77.910902119504385, 34.776460760373581 ] ] ] } },
{ "type": "Feature", "properties": { "BLDG_ID": "3706125513", "YEAR_BUILT": "0", "estimate_h": 15.0, "height_m": 4.57, "depth_max_ft": 4.5, "depth_mean_ft": 4.29, "depth_max_m": 1.37, "depth_mean_m": 1.31, "wet_pct": 79.8, "flooded": true }, "geometry": { "type": "Polygon", "coordinates": [ [ [ -77.910999356748761, 34.776250940893775 ], [ -77.910951124350163, 34.776351871520198 ], [ -77.910038589876933, 34.776054978196917 ], [ -77.910086823237123, 34.775954047034276 ], [ -77.910999356748761, 34.776250940893775 ] ] ] } },
{ "type": "Feature", "properties": { "BLDG_ID": "3706125514", "YEAR_BUILT": "0", "estimate_h": 15.0, "height_m": 4.57, "depth_max_ft": 0.0, "depth_mean_ft": 0.0, "depth_max_m": 0.0, "depth_mean_m": 0.0, "wet_pct": 0.0, "flooded": false }, "geometry": { "type": "Polygon", "coordinates": [ [ [ -77.911110467862883, 34.776049905447394 ], [ -77.911059855083607, 34.776155340376384 ], [ -77.910133408697646, 34.775852548271189 ], [ -77.910184022470403, 34.775747114632736 ], [ -77.911110467862883, 34.776049905447394 ] ] ] } },
{ "type": "Feature", "properties": { "BLDG_ID": "3706125515", "YEAR_BUILT": "0", "estimate_h": 15.0, "height_m": 4.57, "depth_max_ft": 4.41, "depth_mean_ft": 4.06, "depth_max_m": 1.34, "depth_mean_m": 1.24, "wet_pct": 53.2, "flooded": true }, "geometry": { "type": "Polygon", "coordinates": [ [ [ -77.911308226930188, 34.776435572807401 ], [ -77.911270815840155, 34.77650341073975 ], [ -77.911121147122884, 34.776447216403291 ], [ -77.9111585583112, 34.776379378517426 ], [ -77.911308226930188, 34.776435572807401 ] ] ] } },
{ "type": "Feature", "properties": { "BLDG_ID": "3706128068", "YEAR_BUILT": "1925", "estimate_h": 20.0, "height_m": 6.1, "depth_max_ft": 1.85, "depth_mean_ft": 1.41, "depth_max_m": 0.56, "depth_mean_m": 0.43, "wet_pct": 20.4, "flooded": true }, "geometry": { "type": "Polygon", "coordinates": [ [ [ -77.914896487565358, 34.790744176667133 ], [ -77.914815321062918, 34.790746736255102 ], [ -77.914816959342645, 34.790782105481782 ], [ -77.914734075241086, 34.79078471984608 ], [ -77.914724274664792, 34.79057321245886 ], [ -77.914888325961499, 34.790568039430106 ], [ -77.914896487565358, 34.790744176667133 ] ] ] } },
{ "type": "Feature", "properties": { "BLDG_ID": "3706128069", "YEAR_BUILT": "1925", "estimate_h": 20.0, "height_m": 6.1, "depth_max_ft": 3.69, "depth_mean_ft": 2.87, "depth_max_m": 1.12, "depth_mean_m": 0.87, "wet_pct": 8.2, "flooded": true }, "geometry": { "type": "Polygon", "coordinates": [ [ [ -77.914269627508915, 34.790685746822369 ], [ -77.914263728535573, 34.790666780787397 ], [ -77.91420729066698, 34.790678728296761 ], [ -77.914173431389358, 34.790569869299006 ], [ -77.914273454244736, 34.790548695505045 ], [ -77.914279558667374, 34.790568320626612 ], [ -77.914357611976754, 34.790551797987305 ], [ -77.914358082116735, 34.790551698550345 ], [ -77.914423406532777, 34.790537869363291 ], [ -77.914451100898987, 34.790626905189718 ], [ -77.914384272853113, 34.79064105169666 ], [ -77.914383830101698, 34.790641145971492 ], [ -77.914310126336417, 34.790656748620187 ], [ -77.914316087183494, 34.790675911749979 ], [ -77.914269627508915, 34.790685746822369 ] ] ] } },
{ "type": "Feature", "properties": { "BLDG_ID": "3706128070", "YEAR_BUILT": "0", "estimate_h": 15.0, "height_m": 4.57, "depth_max_ft": 3.18, "depth_mean_ft": 3.04, "depth_max_m": 0.97, "depth_mean_m": 0.93, "wet_pct": 13.3, "flooded": true }, "geometry": { "type": "Polygon", "coordinates": [ [ [ -77.913904529418858, 34.791410620250758 ], [ -77.913804468319157, 34.791422396501481 ], [ -77.913784971437579, 34.791309655126092 ], [ -77.913885032402334, 34.791297878891577 ], [ -77.913904529418858, 34.791410620250758 ] ] ] } },
{ "type": "Feature", "properties": { "BLDG_ID": "3706128071", "YEAR_BUILT": "1935", "estimate_h": 20.0, "height_m": 6.1, "depth_max_ft": 3.3, "depth_mean_ft": 2.64, "depth_max_m": 1.01, "depth_mean_m": 0.8, "wet_pct": 27.1, "flooded": true }, "geometry": { "type": "Polygon", "coordinates": [ [ [ -77.914545759703799, 34.791191973465736 ], [ -77.914617735446967, 34.791186152272367 ], [ -77.914625632332729, 34.791252604947388 ], [ -77.914564970748444, 34.791257511254855 ], [ -77.914564701620762, 34.791257533169087 ], [ -77.914432999583681, 34.7912681851654 ], [ -77.914425101760003, 34.791201732467918 ], [ -77.91454547088378, 34.791191997005441 ], [ -77.914545759703799, 34.791191973465736 ] ] ] } },
{ "type": "Feature", "properties": { "BLDG_ID": "3706128072", "YEAR_BUILT": "0", "estimate_h": 15.0, "height_m": 4.57, "depth_max_ft": 2.9, "depth_mean_ft": 2.9, "depth_max_m": 0.88, "depth_mean_m": 0.88, "wet_pct": 1.4, "flooded": true }, "geometry": { "type": "Polygon", "coordinates": [ [ [ -77.914590434316267, 34.791662143951058 ], [ -77.914532570269245, 34.791540398084891 ], [ -77.91457893598691, 34.791525400661108 ], [ -77.914636798987587, 34.791647147396624 ], [ -77.914590434316267, 34.791662143951058 ] ] ] } },
{ "type": "Feature", "properties": { "BLDG_ID": "3706128073", "YEAR_BUILT": "1981", "estimate_h": 20.0, "height_m": 6.1, "depth_max_ft": 3.97, "depth_mean_ft": 3.62, "depth_max_m": 1.21, "depth_mean_m": 1.1, "wet_pct": 16.2, "flooded": true }, "geometry": { "type": "Polygon", "coordinates": [ [ [ -77.913909741798903, 34.791808975819528 ], [ -77.913859372888908, 34.791649774580712 ], [ -77.913913406361544, 34.791638140002767 ], [ -77.91392704484268, 34.791681247412683 ], [ -77.914000377254553, 34.791665456819814 ], [ -77.914015720202684, 34.791713951964965 ], [ -77.913992563449966, 34.791718938625877 ], [ -77.914013950014947, 34.791786537258893 ], [ -77.913909741798903, 34.791808975819528 ] ] ] } },
{ "type": "Feature", "properties": { "BLDG_ID": "3706128075", "YEAR_BUILT": "1976", "estimate_h": 20.0, "height_m": 6.1, "depth_max_ft": 5.4, "depth_mean_ft": 4.95, "depth_max_m": 1.65, "depth_mean_m": 1.51, "wet_pct": 25.9, "flooded": true }, "geometry": { "type": "Polygon", "coordinates": [ [ [ -77.913121391874171, 34.790049876664519 ], [ -77.913070719143548, 34.789913762934056 ], [ -77.913149960164318, 34.789893685260616 ], [ -77.913157413021551, 34.789913705782801 ], [ -77.913199914593548, 34.789902936542255 ], [ -77.913243134640823, 34.79001902970203 ], [ -77.913121391874171, 34.790049876664519 ] ] ] } },
{ "type": "Feature", "properties": { "BLDG_ID": "3706128076", "YEAR_BUILT": "1925", "estimate_h": 15.0, "height_m": 4.57, "depth_max_ft": 5.21, "depth_mean_ft": 4.54, "depth_max_m": 1.59, "depth_mean_m": 1.38, "wet_pct": 10.4, "flooded": true }, "geometry": { "type": "Polygon", "coordinates": [ [ [ -77.90776590790621, 34.790769137514445 ], [ -77.907784283981684, 34.790702919217054 ], [ -77.907760378501621, 34.790698403607657 ], [ -77.907780180402568, 34.790627045866692 ], [ -77.90785262389943, 34.790640728190908 ], [ -77.907858893095877, 34.790618138032087 ], [ -77.907929596829263, 34.790631491679335 ], [ -77.907923129022137, 34.79065479947991 ], [ -77.907950946803211, 34.790660053776996 ], [ -77.907928324485994, 34.790741570813509 ], [ -77.907887612089283, 34.790733881579477 ], [ -77.907872254194075, 34.79078922297856 ], [ -77.90776590790621, 34.790769137514445 ] ] ] } },
{ "type": "Feature", "properties": { "BLDG_ID": "3706128077", "YEAR_BUILT": "2019", "estimate_h": 15.0, "height_m": 4.57, "depth_max_ft": 6.33, "depth_mean_ft": 5.58, "depth_max_m": 1.93, "depth_mean_m": 1.7, "wet_pct": 21.8, "flooded": true }, "geometry": { "type": "Polygon", "coordinates": [ [ [ -77.906032948077026, 34.789544035760585 ], [ -77.906031907184015, 34.789621955826519 ], [ -77.905745055593457, 34.789619347487132 ], [ -77.905746096759358, 34.78954142742365 ], [ -77.906032948077026, 34.789544035760585 ] ] ] } },
{ "type": "Feature", "properties": { "BLDG_ID": "3706128078", "YEAR_BUILT": "1977", "estimate_h": 15.0, "height_m": 4.57, "depth_max_ft": 6.56, "depth_mean_ft": 5.94, "depth_max_m": 2.0, "depth_mean_m": 1.81, "wet_pct": 17.8, "flooded": true }, "geometry": { "type": "Polygon", "coordinates": [ [ [ -77.905151009165692, 34.791397676149124 ], [ -77.905054640144684, 34.791278461113514 ], [ -77.905133957992859, 34.791234823636231 ], [ -77.905230327078002, 34.791354038608446 ], [ -77.905151009165692, 34.791397676149124 ] ] ] } },
{ "type": "Feature", "properties": { "BLDG_ID": "3706128079", "YEAR_BUILT": "1977", "estimate_h": 15.0, "height_m": 4.57, "depth_max_ft": 6.35, "depth_mean_ft": 5.82, "depth_max_m": 1.94, "depth_mean_m": 1.77, "wet_pct": 52.2, "flooded": true }, "geometry": { "type": "Polygon", "coordinates": [ [ [ -77.904675324089752, 34.791387574327608 ], [ -77.904688046754885, 34.791459976842845 ], [ -77.904463772001279, 34.791486797505023 ], [ -77.904451049530252, 34.791414394966168 ], [ -77.904675324089752, 34.791387574327608 ] ] ] } },
{ "type": "Feature", "properties": { "BLDG_ID": "3706128080", "YEAR_BUILT": "1977", "estimate_h": 15.0, "height_m": 4.57, "depth_max_ft": 6.47, "depth_mean_ft": 6.18, "depth_max_m": 1.97, "depth_mean_m": 1.88, "wet_pct": 15.9, "flooded": true }, "geometry": { "type": "Polygon", "coordinates": [ [ [ -77.904301110447491, 34.79163816160424 ], [ -77.904278514996292, 34.79149652706171 ], [ -77.904405071403843, 34.791482785744819 ], [ -77.904422631706936, 34.791592856043366 ], [ -77.904393690607719, 34.791595998608415 ], [ -77.90439872595995, 34.79162756282993 ], [ -77.904301110447491, 34.79163816160424 ] ] ] } },
{ "type": "Feature", "properties": { "BLDG_ID": "3706128081", "YEAR_BUILT": "1956", "estimate_h": 15.0, "height_m": 4.57, "depth_max_ft": 6.13, "depth_mean_ft": 4.93, "depth_max_m": 1.87, "depth_mean_m": 1.5, "wet_pct": 11.9, "flooded": true }, "geometry": { "type": "Polygon", "coordinates": [ [ [ -77.904734692328063, 34.791134120465344 ], [ -77.904627170562165, 34.791190661839387 ], [ -77.904590347860491, 34.791143004889243 ], [ -77.904555565273768, 34.791161295437036 ], [ -77.904526679076298, 34.79112391001501 ], [ -77.904600527654836, 34.791085076167001 ], [ -77.90455618536302, 34.791027687880785 ], [ -77.904624639940224, 34.790991689889104 ], [ -77.904734692328063, 34.791134120465344 ] ] ] } },
{ "type": "Feature", "properties": { "BLDG_ID": "3706128082", "YEAR_BUILT": "1956", "estimate_h": 15.0, "height_m": 4.57, "depth_max_ft": 6.34, "depth_mean_ft": 5.58, "depth_max_m": 1.93, "depth_mean_m": 1.7, "wet_pct": 18.9, "flooded": true }, "geometry": { "type": "Polygon", "coordinates": [ [ [ -77.904913334577117, 34.791118428433109 ], [ -77.904792940916977, 34.790964358580617 ], [ -77.904903403040692, 34.79090561337442 ], [ -77.904972493058821, 34.790994029286757 ], [ -77.904954808762781, 34.791003434753343 ], [ -77.905006111437345, 34.791069087679411 ], [ -77.904913334577117, 34.791118428433109 ] ] ] } },
{ "type": "Feature", "properties": { "BLDG_ID": "3706128083", "YEAR_BUILT": "2019", "estimate_h": 15.0, "height_m": 4.57, "depth_max_ft": 5.55, "depth_mean_ft": 5.01, "depth_max_m": 1.69, "depth_mean_m": 1.53, "wet_pct": 14.6, "flooded": true }, "geometry": { "type": "Polygon", "coordinates": [ [ [ -77.905441498467937, 34.78929620802014 ], [ -77.905442086618706, 34.789370677327099 ], [ -77.905348505854221, 34.789371180147697 ], [ -77.905349244659973, 34.78946478543525 ], [ -77.905243391727694, 34.789465354134947 ], [ -77.905242063980836, 34.789297279528796 ], [ -77.905441498467937, 34.78929620802014 ] ] ] } },
{ "type": "Feature", "properties": { "BLDG_ID": "3706128084", "YEAR_BUILT": "2019", "estimate_h": 15.0, "height_m": 4.57, "depth_max_ft": 5.95, "depth_mean_ft": 5.45, "depth_max_m": 1.81, "depth_mean_m": 1.66, "wet_pct": 12.4, "flooded": true }, "geometry": { "type": "Polygon", "coordinates": [ [ [ -77.905655811666435, 34.78922888638462 ], [ -77.905654770418607, 34.789306806447925 ], [ -77.905486858849542, 34.789305279180041 ], [ -77.905487900257114, 34.789227359118208 ], [ -77.905655811666435, 34.78922888638462 ] ] ] } },
{ "type": "Feature", "properties": { "BLDG_ID": "3706128085", "YEAR_BUILT": "2000", "estimate_h": 15.0, "height_m": 4.57, "depth_max_ft": 5.78, "depth_mean_ft": 5.23, "depth_max_m": 1.76, "depth_mean_m": 1.59, "wet_pct": 15.9, "flooded": true }, "geometry": { "type": "Polygon", "coordinates": [ [ [ -77.903966276684301, 34.789207735590878 ], [ -77.90393622258739, 34.789100668978776 ], [ -77.904033154306532, 34.789082149543702 ], [ -77.90405004696008, 34.789142328066049 ], [ -77.904076092848456, 34.789137352504348 ], [ -77.904090041950766, 34.789187046167818 ], [ -77.904059968578679, 34.789192791941538 ], [ -77.904085339480915, 34.789283170448876 ], [ -77.903988854541851, 34.789301604743613 ], [ -77.903984398529502, 34.789285729235402 ], [ -77.903887466570453, 34.789304247729646 ], [ -77.903865765451854, 34.789226938199739 ], [ -77.903966276684301, 34.789207735590878 ] ] ] } },
{ "type": "Feature", "properties": { "BLDG_ID": "3706128141", "YEAR_BUILT": "1935", "estimate_h": 15.0, "height_m": 4.57, "depth_max_ft": 5.85, "depth_mean_ft": 5.39, "depth_max_m": 1.78, "depth_mean_m": 1.64, "wet_pct": 13.5, "flooded": true }, "geometry": { "type": "Polygon", "coordinates": [ [ [ -77.905818091633279, 34.792073555346128 ], [ -77.905632296559645, 34.792100729000431 ], [ -77.90561260617477, 34.792009101569541 ], [ -77.905685735857688, 34.791998406166478 ], [ -77.905680232412635, 34.791972799731163 ], [ -77.90571433899639, 34.791967811467565 ], [ -77.905719830037881, 34.791993365498278 ], [ -77.90579838863313, 34.79198187554249 ], [ -77.905818091633279, 34.792073555346128 ] ] ] } },
{ "type": "Feature", "properties": { "BLDG_ID": "3706128142", "YEAR_BUILT": "1935", "estimate_h": 15.0, "height_m": 4.57, "depth_max_ft": 5.9, "depth_mean_ft": 4.96, "depth_max_m": 1.8, "depth_mean_m": 1.51, "wet_pct": 30.3, "flooded": true }, "geometry": { "type": "Polygon", "coordinates": [ [ [ -77.905513393262609, 34.792096760754781 ], [ -77.905438007109623, 34.792109063736916 ], [ -77.90540818038356, 34.79198468162182 ], [ -77.905483567519212, 34.791972378668298 ], [ -77.905513393262609, 34.792096760754781 ] ] ] } },
{ "type": "Feature", "properties": { "BLDG_ID": "3706128147", "YEAR_BUILT": "1925", "estimate_h": 15.0, "height_m": 4.57, "depth_max_ft": 6.3, "depth_mean_ft": 5.73, "depth_max_m": 1.92, "depth_mean_m": 1.75, "wet_pct": 15.0, "flooded": true }, "geometry": { "type": "Polygon", "coordinates": [ [ [ -77.906455733898142, 34.792269847818467 ], [ -77.906322798446581, 34.792268639629839 ], [ -77.906324340164105, 34.792153201397255 ], [ -77.906387308924181, 34.792153773709394 ], [ -77.906386461034302, 34.792217264332166 ], [ -77.906456427592673, 34.792217900207405 ], [ -77.906455733898142, 34.792269847818467 ] ] ] } },
{ "type": "Feature", "properties": { "BLDG_ID": "3706128148", "YEAR_BUILT": "0", "estimate_h": 20.0, "height_m": 6.1, "depth_max_ft": 2.65, "depth_mean_ft": 2.57, "depth_max_m": 0.81, "depth_mean_m": 0.78, "wet_pct": 12.1, "flooded": true }, "geometry": { "type": "Polygon", "coordinates": [ [ [ -77.913235031908769, 34.79209747676542 ], [ -77.913182642162127, 34.792093675950291 ], [ -77.913198627086189, 34.791943733152102 ], [ -77.913251016737647, 34.79194753396024 ], [ -77.913235031908769, 34.79209747676542 ] ] ] } },
{ "type": "Feature", "properties": { "BLDG_ID": "3706124504", "YEAR_BUILT": "0", "estimate_h": 15.0, "height_m": 4.57, "depth_max_ft": 2.95, "depth_mean_ft": 2.77, "depth_max_m": 0.9, "depth_mean_m": 0.84, "wet_pct": 5.6, "flooded": true }, "geometry": { "type": "Polygon", "coordinates": [ [ [ -77.904933039795154, 34.787370022817932 ], [ -77.904810337072178, 34.787389109871 ], [ -77.904795590598638, 34.787324589264969 ], [ -77.904918294333072, 34.787305501335418 ], [ -77.904933039795154, 34.787370022817932 ] ] ] } },
{ "type": "Feature", "properties": { "BLDG_ID": "3706124507", "YEAR_BUILT": "1980", "estimate_h": 15.0, "height_m": 4.57, "depth_max_ft": 3.98, "depth_mean_ft": 3.21, "depth_max_m": 1.21, "depth_mean_m": 0.98, "wet_pct": 24.7, "flooded": true }, "geometry": { "type": "Polygon", "coordinates": [ [ [ -77.904486531239527, 34.786754110443937 ], [ -77.904276068615744, 34.786795488500104 ], [ -77.904269773987096, 34.786773699182888 ], [ -77.904219428520321, 34.7867835968554 ], [ -77.904198776628476, 34.786712100245495 ], [ -77.904246646962306, 34.78670268941984 ], [ -77.904239565930382, 34.78667817655257 ], [ -77.904460758032215, 34.786634688347874 ], [ -77.90444482668407, 34.786579533983343 ], [ -77.904566976784622, 34.786555518887553 ], [ -77.904593922567713, 34.786648804725282 ], [ -77.904675631032092, 34.786632739979424 ], [ -77.904669141064488, 34.786610270034338 ], [ -77.904871349460535, 34.786570513797436 ], [ -77.904905179390482, 34.786687631727396 ], [ -77.904698844487783, 34.786728198822864 ], [ -77.904690780546616, 34.786700281778117 ], [ -77.904605769716795, 34.786716995341472 ], [ -77.904626421965162, 34.786788491881509 ], [ -77.90450344540281, 34.786812669909715 ], [ -77.904486531239527, 34.786754110443937 ] ] ] } },
{ "type": "Feature", "properties": { "BLDG_ID": "3706124608", "YEAR_BUILT": "0", "estimate_h": 15.0, "height_m": 4.57, "depth_max_ft": 0.0, "depth_mean_ft": 0.0, "depth_max_m": 0.0, "depth_mean_m": 0.0, "wet_pct": 0.0, "flooded": false }, "geometry": { "type": "Polygon", "coordinates": [ [ [ -77.902631297325996, 34.785122619164795 ], [ -77.902514926104075, 34.785145496744015 ], [ -77.902488179499542, 34.785052891099596 ], [ -77.90260455059736, 34.78503001354612 ], [ -77.902631297325996, 34.785122619164795 ] ] ] } },
{ "type": "Feature", "properties": { "BLDG_ID": "3706124612", "YEAR_BUILT": "1968", "estimate_h": 15.0, "height_m": 4.57, "depth_max_ft": 3.44, "depth_mean_ft": 3.33, "depth_max_m": 1.05, "depth_mean_m": 1.01, "wet_pct": 3.6, "flooded": true }, "geometry": { "type": "Polygon", "coordinates": [ [ [ -77.902550354979581, 34.785941589703789 ], [ -77.902389059706977, 34.785968980799865 ], [ -77.902369581680162, 34.785890915013617 ], [ -77.902490262519521, 34.785870420920872 ], [ -77.902482591384484, 34.785839674615211 ], [ -77.902540093403346, 34.785829909664585 ], [ -77.902547434763292, 34.785859334884123 ], [ -77.902670007024597, 34.785838518879025 ], [ -77.902690083657376, 34.785918987309849 ], [ -77.902608999615879, 34.785932757433059 ], [ -77.902616041304455, 34.785960980845879 ], [ -77.902557666273481, 34.785970894741403 ], [ -77.902550354979581, 34.785941589703789 ] ] ] } },
{ "type": "Feature", "properties": { "BLDG_ID": "3706124613", "YEAR_BUILT": "1968", "estimate_h": 15.0, "height_m": 4.57, "depth_max_ft": 4.04, "depth_mean_ft": 3.48, "depth_max_m": 1.23, "depth_mean_m": 1.06, "wet_pct": 14.5, "flooded": true }, "geometry": { "type": "Polygon", "coordinates": [ [ [ -77.902839066181642, 34.786065446801736 ], [ -77.902862666951236, 34.786147158126042 ], [ -77.902708328841157, 34.786177499872622 ], [ -77.902684728216755, 34.786095788518068 ], [ -77.902839066181642, 34.786065446801736 ] ] ] } },
{ "type": "Feature", "properties": { "BLDG_ID": "3706124618", "YEAR_BUILT": "0", "estimate_h": 15.0, "height_m": 4.57, "depth_max_ft": 5.11, "depth_mean_ft": 3.82, "depth_max_m": 1.56, "depth_mean_m": 1.16, "wet_pct": 8.5, "flooded": true }, "geometry": { "type": "Polygon", "coordinates": [ [ [ -77.907708064987602, 34.785341992955694 ], [ -77.907739276879909, 34.785412493924227 ], [ -77.907581212401368, 34.785460126036867 ], [ -77.907550000626955, 34.785389625027385 ], [ -77.907708064987602, 34.785341992955694 ] ] ] } },
{ "type": "Feature", "properties": { "BLDG_ID": "3706124619", "YEAR_BUILT": "0", "estimate_h": 15.0, "height_m": 4.57, "depth_max_ft": 7.22, "depth_mean_ft": 5.84, "depth_max_m": 2.2, "depth_mean_m": 1.78, "wet_pct": 19.6, "flooded": true }, "geometry": { "type": "Polygon", "coordinates": [ [ [ -77.906569139156204, 34.784177128976097 ], [ -77.906534915884592, 34.784141751960256 ], [ -77.906707856428582, 34.78402787219742 ], [ -77.906742078646772, 34.784063248252792 ], [ -77.906569139156204, 34.784177128976097 ] ] ] } },
{ "type": "Feature", "properties": { "BLDG_ID": "3706124621", "YEAR_BUILT": "0", "estimate_h": 15.0, "height_m": 4.57, "depth_max_ft": 6.8, "depth_mean_ft": 6.32, "depth_max_m": 2.07, "depth_mean_m": 1.93, "wet_pct": 7.5, "flooded": true }, "geometry": { "type": "Polygon", "coordinates": [ [ [ -77.906012782426714, 34.783923849933359 ], [ -77.905966944429139, 34.783913450216218 ], [ -77.906039832511112, 34.783694754637366 ], [ -77.906085671488142, 34.783705154336673 ], [ -77.906012782426714, 34.783923849933359 ] ] ] } },
{ "type": "Feature", "properties": { "BLDG_ID": "3706124866", "YEAR_BUILT": "0", "estimate_h": 15.0, "height_m": 4.57, "depth_max_ft": 4.96, "depth_mean_ft": 4.48, "depth_max_m": 1.51, "depth_mean_m": 1.37, "wet_pct": 7.3, "flooded": true }, "geometry": { "type": "Polygon", "coordinates": [ [ [ -77.909759584939295, 34.781091576656237 ], [ -77.909712848197373, 34.781174384688136 ], [ -77.909566669322288, 34.781118220116674 ], [ -77.909613407272559, 34.781035412151319 ], [ -77.909759584939295, 34.781091576656237 ] ] ] } },
{ "type": "Feature", "properties": { "BLDG_ID": "3706124964", "YEAR_BUILT": "0", "estimate_h": 15.0, "height_m": 4.57, "depth_max_ft": 7.17, "depth_mean_ft": 6.15, "depth_max_m": 2.19, "depth_mean_m": 1.87, "wet_pct": 15.4, "flooded": true }, "geometry": { "type": "Polygon", "coordinates": [ [ [ -77.907894395948816, 34.782125956576124 ], [ -77.907784560949452, 34.782052283370689 ], [ -77.907894494857103, 34.781940715834615 ], [ -77.908004329805763, 34.782014388939864 ], [ -77.907894395948816, 34.782125956576124 ] ] ] } },
{ "type": "Feature", "properties": { "BLDG_ID": "3706124966", "YEAR_BUILT": "0", "estimate_h": 15.0, "height_m": 4.57, "depth_max_ft": 8.38, "depth_mean_ft": 4.24, "depth_max_m": 2.55, "depth_mean_m": 1.29, "wet_pct": 35.8, "flooded": true }, "geometry": { "type": "Polygon", "coordinates": [ [ [ -77.906380273265029, 34.782274754449368 ], [ -77.906338987174621, 34.782266001009603 ], [ -77.906380964243951, 34.782132009362655 ], [ -77.906422250259268, 34.782140763689448 ], [ -77.906380273265029, 34.782274754449368 ] ] ] } },
{ "type": "Feature", "properties": { "BLDG_ID": "3706124968", "YEAR_BUILT": "0", "estimate_h": 15.0, "height_m": 4.57, "depth_max_ft": 6.99, "depth_mean_ft": 5.16, "depth_max_m": 2.13, "depth_mean_m": 1.57, "wet_pct": 33.8, "flooded": true }, "geometry": { "type": "Polygon", "coordinates": [ [ [ -77.906269250345645, 34.782595407548804 ], [ -77.906221838872924, 34.782584567182454 ], [ -77.90626919971244, 34.78244356894416 ], [ -77.90631661110983, 34.782454409291788 ], [ -77.906269250345645, 34.782595407548804 ] ] ] } },
{ "type": "Feature", "properties": { "BLDG_ID": "3706124969", "YEAR_BUILT": "0", "estimate_h": 15.0, "height_m": 4.57, "depth_max_ft": 8.03, "depth_mean_ft": 7.04, "depth_max_m": 2.45, "depth_mean_m": 2.15, "wet_pct": 33.3, "flooded": true }, "geometry": { "type": "Polygon", "coordinates": [ [ [ -77.906758738984877, 34.78268352874602 ], [ -77.906739884042381, 34.782722906845173 ], [ -77.906503030428325, 34.782645710738549 ], [ -77.9065218843743, 34.782606332666461 ], [ -77.906758738984877, 34.78268352874602 ] ] ] } },
{ "type": "Feature", "properties": { "BLDG_ID": "3706124976", "YEAR_BUILT": "0", "estimate_h": 20.0, "height_m": 6.1, "depth_max_ft": 6.43, "depth_mean_ft": 5.91, "depth_max_m": 1.96, "depth_mean_m": 1.8, "wet_pct": 8.3, "flooded": true }, "geometry": { "type": "Polygon", "coordinates": [ [ [ -77.90571804585835, 34.783528442223499 ], [ -77.905678159090698, 34.783517718769005 ], [ -77.905736092921714, 34.783371044236624 ], [ -77.905775978532986, 34.783381767661972 ], [ -77.90571804585835, 34.783528442223499 ] ] ] } },
{ "type": "Feature", "properties": { "BLDG_ID": "3706124979", "YEAR_BUILT": "1978", "estimate_h": 15.0, "height_m": 4.57, "depth_max_ft": 2.87, "depth_mean_ft": 2.5, "depth_max_m": 0.87, "depth_mean_m": 0.76, "wet_pct": 11.5, "flooded": true }, "geometry": { "type": "Polygon", "coordinates": [ [ [ -77.907354101906151, 34.780469404537264 ], [ -77.907300704112174, 34.78058768325338 ], [ -77.907126507894986, 34.780534147106188 ], [ -77.907179905893543, 34.780415869368717 ], [ -77.907354101906151, 34.780469404537264 ] ] ] } },
{ "type": "Feature", "properties": { "BLDG_ID": "3706124980", "YEAR_BUILT": "1978", "estimate_h": 15.0, "height_m": 4.57, "depth_max_ft": 2.67, "depth_mean_ft": 2.15, "depth_max_m": 0.81, "depth_mean_m": 0.66, "wet_pct": 2.1, "flooded": true }, "geometry": { "type": "Polygon", "coordinates": [ [ [ -77.906554071125655, 34.780389979251993 ], [ -77.906434668624627, 34.780345778923149 ], [ -77.906531497006384, 34.78016770838277 ], [ -77.906650900392606, 34.780211908625624 ], [ -77.906554071125655, 34.780389979251993 ] ] ] } },
{ "type": "Feature", "properties": { "BLDG_ID": "3706124981", "YEAR_BUILT": "0", "estimate_h": 20.0, "height_m": 6.1, "depth_max_ft": 10.08, "depth_mean_ft": 9.43, "depth_max_m": 3.07, "depth_mean_m": 2.87, "wet_pct": 88.7, "flooded": true }, "geometry": { "type": "Polygon", "coordinates": [ [ [ -77.907012277345245, 34.77908376369971 ], [ -77.906958219736296, 34.779072451215221 ], [ -77.907013073457819, 34.778893998946891 ], [ -77.907067130956563, 34.778905311406803 ], [ -77.907012277345245, 34.77908376369971 ] ] ] } },
{ "type": "Feature", "properties": { "BLDG_ID": "3706124982", "YEAR_BUILT": "0", "estimate_h": 15.0, "height_m": 4.57, "depth_max_ft": 7.87, "depth_mean_ft": 7.06, "depth_max_m": 2.4, "depth_mean_m": 2.15, "wet_pct": 24.2, "flooded": true }, "geometry": { "type": "Polygon", "coordinates": [ [ [ -77.908578989355632, 34.779380843418039 ], [ -77.908552930533261, 34.77945108248381 ], [ -77.908375122186726, 34.779406174796812 ], [ -77.908401181147269, 34.77933593576946 ], [ -77.908578989355632, 34.779380843418039 ] ] ] } },
{ "type": "Feature", "properties": { "BLDG_ID": "3706124983", "YEAR_BUILT": "0", "estimate_h": 15.0, "height_m": 4.57, "depth_max_ft": 6.68, "depth_mean_ft": 5.73, "depth_max_m": 2.04, "depth_mean_m": 1.75, "wet_pct": 36.7, "flooded": true }, "geometry": { "type": "Polygon", "coordinates": [ [ [ -77.909361790555323, 34.779177242527943 ], [ -77.909311028711059, 34.779166620919426 ], [ -77.909365877357516, 34.778988168480254 ], [ -77.90941663911029, 34.778998789164262 ], [ -77.909361790555323, 34.779177242527943 ] ] ] } },
{ "type": "Feature", "properties": { "BLDG_ID": "3706124991", "YEAR_BUILT": "0", "estimate_h": 15.0, "height_m": 4.57, "depth_max_ft": 6.83, "depth_mean_ft": 6.38, "depth_max_m": 2.08, "depth_mean_m": 1.94, "wet_pct": 13.2, "flooded": true }, "geometry": { "type": "Polygon", "coordinates": [ [ [ -77.909533818532594, 34.780370640536326 ], [ -77.909481401943779, 34.780358269416766 ], [ -77.909543245566411, 34.780179879399491 ], [ -77.909595663142994, 34.780192250502047 ], [ -77.909533818532594, 34.780370640536326 ] ] ] } },
{ "type": "Feature", "properties": { "BLDG_ID": "3706124992", "YEAR_BUILT": "0", "estimate_h": 15.0, "height_m": 4.57, "depth_max_ft": 0.0, "depth_mean_ft": 0.0, "depth_max_m": 0.0, "depth_mean_m": 0.0, "wet_pct": 0.0, "flooded": false }, "geometry": { "type": "Polygon", "coordinates": [ [ [ -77.909410340262966, 34.780522697306758 ], [ -77.909386457393694, 34.780589732311732 ], [ -77.909250466345171, 34.780556750323647 ], [ -77.909274349316163, 34.780489715345645 ], [ -77.909410340262966, 34.780522697306758 ] ] ] } },
{ "type": "Feature", "properties": { "BLDG_ID": "3706124999", "YEAR_BUILT": "1950", "estimate_h": 15.0, "height_m": 4.57, "depth_max_ft": 5.01, "depth_mean_ft": 2.96, "depth_max_m": 1.53, "depth_mean_m": 0.9, "wet_pct": 8.0, "flooded": true }, "geometry": { "type": "Polygon", "coordinates": [ [ [ -77.911609491725272, 34.779298617695943 ], [ -77.911571933336973, 34.779391520324495 ], [ -77.91130341476692, 34.779317617299633 ], [ -77.911346920749779, 34.779210007412786 ], [ -77.911420254998362, 34.779230190540247 ], [ -77.911414308766723, 34.779244898797181 ], [ -77.911609491725272, 34.779298617695943 ] ] ] } },
{ "type": "Feature", "properties": { "BLDG_ID": "3706125009", "YEAR_BUILT": "1960", "estimate_h": 15.0, "height_m": 4.57, "depth_max_ft": 5.46, "depth_mean_ft": 4.92, "depth_max_m": 1.66, "depth_mean_m": 1.5, "wet_pct": 11.0, "flooded": true }, "geometry": { "type": "Polygon", "coordinates": [ [ [ -77.911285506124699, 34.779206211481586 ], [ -77.91125442748023, 34.779280416703045 ], [ -77.911128970088839, 34.779244646271444 ], [ -77.911160048845389, 34.77917044018087 ], [ -77.911285506124699, 34.779206211481586 ] ] ] } },
{ "type": "Feature", "properties": { "BLDG_ID": "3706125020", "YEAR_BUILT": "0", "estimate_h": 15.0, "height_m": 4.57, "depth_max_ft": 0.0, "depth_mean_ft": 0.0, "depth_max_m": 0.0, "depth_mean_m": 0.0, "wet_pct": 0.0, "flooded": false }, "geometry": { "type": "Polygon", "coordinates": [ [ [ -77.914076728770212, 34.778429047753036 ], [ -77.913962491215329, 34.778338540879417 ], [ -77.91405211737144, 34.778261525914225 ], [ -77.914166354929904, 34.778352031801482 ], [ -77.914076728770212, 34.778429047753036 ] ] ] } },
{ "type": "Feature", "properties": { "BLDG_ID": "3706125495", "YEAR_BUILT": "2000", "estimate_h": 15.0, "height_m": 4.57, "depth_max_ft": 0.0, "depth_mean_ft": 0.0, "depth_max_m": 0.0, "depth_mean_m": 0.0, "wet_pct": 0.0, "flooded": false }, "geometry": { "type": "Polygon", "coordinates": [ [ [ -77.915123670536701, 34.776325725246949 ], [ -77.914960620603381, 34.776223233807187 ], [ -77.914875435947224, 34.776315496908801 ], [ -77.914814470961986, 34.77627717457068 ], [ -77.914924793997002, 34.776157683205064 ], [ -77.914974839417951, 34.776189140838063 ], [ -77.915114171339965, 34.776038229399404 ], [ -77.915179790409468, 34.776079475823266 ], [ -77.915122856073197, 34.776141141734911 ], [ -77.915176035359366, 34.776174569492433 ], [ -77.915122898817415, 34.77623212069615 ], [ -77.915178072012267, 34.776266801562421 ], [ -77.915123670536701, 34.776325725246949 ] ] ] } },
{ "type": "Feature", "properties": { "BLDG_ID": "3706125498", "YEAR_BUILT": "2011", "estimate_h": 15.0, "height_m": 4.57, "depth_max_ft": 3.04, "depth_mean_ft": 2.69, "depth_max_m": 0.93, "depth_mean_m": 0.82, "wet_pct": 16.5, "flooded": true }, "geometry": { "type": "Polygon", "coordinates": [ [ [ -77.913977311959414, 34.778004644165016 ], [ -77.914109081717896, 34.777865388502221 ], [ -77.914193532641164, 34.777923197494083 ], [ -77.914110684927195, 34.778013797062087 ], [ -77.91422972816693, 34.778095284742371 ], [ -77.914180806195048, 34.778143940977799 ], [ -77.913977311959414, 34.778004644165016 ] ] ] } },
{ "type": "Feature", "properties": { "BLDG_ID": "3706125499", "YEAR_BUILT": "2000", "estimate_h": 15.0, "height_m": 4.57, "depth_max_ft": 2.99, "depth_mean_ft": 2.16, "depth_max_m": 0.91, "depth_mean_m": 0.66, "wet_pct": 9.3, "flooded": true }, "geometry": { "type": "Polygon", "coordinates": [ [ [ -77.913793531891528, 34.77709879511842 ], [ -77.913952954232357, 34.77694726039234 ], [ -77.914027722887312, 34.77700081331681 ], [ -77.913992401629443, 34.777034386620386 ], [ -77.914013411426296, 34.777049434796872 ], [ -77.913969284984333, 34.777091377980682 ], [ -77.913945806312938, 34.777074561197651 ], [ -77.913865830627529, 34.777150578629943 ], [ -77.913793531891528, 34.77709879511842 ] ] ] } },
{ "type": "Feature", "properties": { "BLDG_ID": "3706125510", "YEAR_BUILT": "0", "estimate_h": 15.0, "height_m": 4.57, "depth_max_ft": 5.25, "depth_mean_ft": 4.89, "depth_max_m": 1.6, "depth_mean_m": 1.49, "wet_pct": 100.0, "flooded": true }, "geometry": { "type": "Polygon", "coordinates": [ [ [ -77.91206918379541, 34.776820561503676 ], [ -77.912019048651942, 34.776925384483363 ], [ -77.911399077017919, 34.776723507700908 ], [ -77.911449212831172, 34.776618684979077 ], [ -77.91206918379541, 34.776820561503676 ] ] ] } },
{ "type": "Feature", "properties": { "BLDG_ID": "3706128074", "YEAR_BUILT": "0", "estimate_h": 15.0, "height_m": 4.57, "depth_max_ft": 7.31, "depth_mean_ft": 6.55, "depth_max_m": 2.23, "depth_mean_m": 2.0, "wet_pct": 60.6, "flooded": true }, "geometry": { "type": "Polygon", "coordinates": [ [ [ -77.912559576143821, 34.789360557634176 ], [ -77.912499911109236, 34.789378403794224 ], [ -77.912438784096196, 34.789239308517445 ], [ -77.912498449042744, 34.789221462387623 ], [ -77.912559576143821, 34.789360557634176 ] ] ] } },
{ "type": "Feature", "properties": { "BLDG_ID": "3706120210311154", "YEAR_BUILT": "1997", "estimate_h": 15.0, "height_m": 4.57, "depth_max_ft": 6.54, "depth_mean_ft": 6.1, "depth_max_m": 1.99, "depth_mean_m": 1.86, "wet_pct": 54.2, "flooded": true }, "geometry": { "type": "Polygon", "coordinates": [ [ [ -77.910660784285739, 34.778562684801884 ], [ -77.910514340691847, 34.778526723693972 ], [ -77.910548331447998, 34.778432491742265 ], [ -77.910694774888341, 34.778468452808902 ], [ -77.910660784285739, 34.778562684801884 ] ] ] } },
{ "type": "Feature", "properties": { "BLDG_ID": "3706120210311158", "YEAR_BUILT": "0", "estimate_h": 15.0, "height_m": 4.57, "depth_max_ft": 6.57, "depth_mean_ft": 6.18, "depth_max_m": 2.0, "depth_mean_m": 1.88, "wet_pct": 81.8, "flooded": true }, "geometry": { "type": "Polygon", "coordinates": [ [ [ -77.912855390380926, 34.789530826993818 ], [ -77.912838781027986, 34.789464291860206 ], [ -77.912774726811961, 34.789475174560465 ], [ -77.912762284615184, 34.789425334190348 ], [ -77.912810324707465, 34.789417171943022 ], [ -77.912799471101323, 34.78937369557903 ], [ -77.912883032163393, 34.789359498290921 ], [ -77.912892776589473, 34.789398530780723 ], [ -77.912938051070938, 34.789390838449307 ], [ -77.912950972735999, 34.789442600738454 ], [ -77.912912249096962, 34.789449180238748 ], [ -77.912929488366146, 34.789518237291347 ], [ -77.912855390380926, 34.789530826993818 ] ] ] } },
{ "type": "Feature", "properties": { "BLDG_ID": "37061202009031131340", "YEAR_BUILT": "2012", "estimate_h": 20.0, "height_m": 6.1, "depth_max_ft": 0.0, "depth_mean_ft": 0.0, "depth_max_m": 0.0, "depth_mean_m": 0.0, "wet_pct": 0.0, "flooded": false }, "geometry": { "type": "Polygon", "coordinates": [ [ [ -77.914397584244043, 34.779281000484012 ], [ -77.914461164417958, 34.779220020538851 ], [ -77.914563752064254, 34.779292837895824 ], [ -77.914451645600352, 34.779400360062972 ], [ -77.91438476171146, 34.779352884732084 ], [ -77.914433286950597, 34.779306341679884 ], [ -77.914397584244043, 34.779281000484012 ] ] ] } },
{ "type": "Feature", "properties": { "BLDG_ID": "370612020061763501", "YEAR_BUILT": "0", "estimate_h": 20.0, "height_m": 6.1, "depth_max_ft": 4.36, "depth_mean_ft": 3.66, "depth_max_m": 1.33, "depth_mean_m": 1.12, "wet_pct": 11.7, "flooded": true }, "geometry": { "type": "Polygon", "coordinates": [ [ [ -77.911607062468875, 34.782697271674081 ], [ -77.911539758766381, 34.782661489551842 ], [ -77.911567819816312, 34.782625557706403 ], [ -77.911534165810551, 34.782607666619192 ], [ -77.91157115768597, 34.782560301812332 ], [ -77.911598872103397, 34.782575035104912 ], [ -77.911637137892939, 34.782526036464915 ], [ -77.911708405244795, 34.782563924356054 ], [ -77.911670136214383, 34.782612922087594 ], [ -77.911707749615076, 34.782632918019033 ], [ -77.911668206595905, 34.782683548662362 ], [ -77.91163257340331, 34.782664605616581 ], [ -77.911607062468875, 34.782697271674081 ] ] ] } },
{ "type": "Feature", "properties": { "BLDG_ID": "3706120200617117248", "YEAR_BUILT": "1969", "estimate_h": 20.0, "height_m": 6.1, "depth_max_ft": 5.84, "depth_mean_ft": 5.2, "depth_max_m": 1.78, "depth_mean_m": 1.58, "wet_pct": 43.5, "flooded": true }, "geometry": { "type": "Polygon", "coordinates": [ [ [ -77.911464183069384, 34.783027833276435 ], [ -77.911523995069601, 34.782917941154231 ], [ -77.911581999683477, 34.782939432459983 ], [ -77.911522189930551, 34.783049324630703 ], [ -77.911464183069384, 34.783027833276435 ] ] ] } },
{ "type": "Feature", "properties": { "BLDG_ID": "3706120200617129782", "YEAR_BUILT": "1978", "estimate_h": 20.0, "height_m": 6.1, "depth_max_ft": 4.59, "depth_mean_ft": 4.04, "depth_max_m": 1.4, "depth_mean_m": 1.23, "wet_pct": 16.3, "flooded": true }, "geometry": { "type": "Polygon", "coordinates": [ [ [ -77.911884530239192, 34.786212832713794 ], [ -77.912002235643712, 34.786210022246991 ], [ -77.912005571916936, 34.786305188070635 ], [ -77.911887867480417, 34.786307997649061 ], [ -77.911884530239192, 34.786212832713794 ] ] ] } },
{ "type": "Feature", "properties": { "BLDG_ID": "3706120200617117479", "YEAR_BUILT": "0", "estimate_h": 15.0, "height_m": 4.57, "depth_max_ft": 3.4, "depth_mean_ft": 3.14, "depth_max_m": 1.04, "depth_mean_m": 0.96, "wet_pct": 57.0, "flooded": true }, "geometry": { "type": "Polygon", "coordinates": [ [ [ -77.913942551834396, 34.776666547677394 ], [ -77.913931672992646, 34.77664293782405 ], [ -77.913885790114819, 34.776657333442905 ], [ -77.913864447641743, 34.776611022633922 ], [ -77.913917275775404, 34.776594449359912 ], [ -77.913875009308555, 34.776502735786465 ], [ -77.913910227290373, 34.776491686929994 ], [ -77.913984710788768, 34.776653321094564 ], [ -77.913942551834396, 34.776666547677394 ] ] ] } },
{ "type": "Feature", "properties": { "BLDG_ID": "3706120200617117420", "YEAR_BUILT": "0", "estimate_h": 15.0, "height_m": 4.57, "depth_max_ft": 0.0, "depth_mean_ft": 0.0, "depth_max_m": 0.0, "depth_mean_m": 0.0, "wet_pct": 0.0, "flooded": false }, "geometry": { "type": "Polygon", "coordinates": [ [ [ -77.906256327704028, 34.778275629080355 ], [ -77.90626505290787, 34.778241404219301 ], [ -77.9063226632436, 34.778251405098857 ], [ -77.906326539872126, 34.778236195038033 ], [ -77.906340366056995, 34.778238594448496 ], [ -77.906343678752293, 34.778225602496278 ], [ -77.906412810734849, 34.778237602237283 ], [ -77.90640763576198, 34.778257906908607 ], [ -77.906437590462943, 34.778263108896262 ], [ -77.906419092289667, 34.778335652997654 ], [ -77.906336135140521, 34.778321252057964 ], [ -77.906340982583785, 34.778302238144036 ], [ -77.906327156400181, 34.778299837832215 ], [ -77.906330066610167, 34.778288429860609 ], [ -77.906256327704028, 34.778275629080355 ] ] ] } },
{ "type": "Feature", "properties": { "BLDG_ID": "3706120200617117381", "YEAR_BUILT": "1965", "estimate_h": 15.0, "height_m": 4.57, "depth_max_ft": 0.0, "depth_mean_ft": 0.0, "depth_max_m": 0.0, "depth_mean_m": 0.0, "wet_pct": 0.0, "flooded": false }, "geometry": { "type": "Polygon", "coordinates": [ [ [ -77.910691113813087, 34.779331474611489 ], [ -77.910919493013992, 34.779327761418934 ], [ -77.910920374624183, 34.779364670944098 ], [ -77.910691996400942, 34.779368385049644 ], [ -77.910691113813087, 34.779331474611489 ] ] ] } },
{ "type": "Feature", "properties": { "BLDG_ID": "370612020061715275", "YEAR_BUILT": "2006", "estimate_h": 15.0, "height_m": 4.57, "depth_max_ft": 4.85, "depth_mean_ft": 3.26, "depth_max_m": 1.48, "depth_mean_m": 0.99, "wet_pct": 13.5, "flooded": true }, "geometry": { "type": "Polygon", "coordinates": [ [ [ -77.902906237430798, 34.787400643732362 ], [ -77.90289102937831, 34.787341731755511 ], [ -77.902787373090206, 34.787359945513593 ], [ -77.902765296085434, 34.787274429987065 ], [ -77.902855131004742, 34.787258645228462 ], [ -77.902852186820937, 34.787247242553825 ], [ -77.902868310519665, 34.787244409935461 ], [ -77.902855556360308, 34.787195001087213 ], [ -77.902954604244727, 34.787177597224591 ], [ -77.903007586910903, 34.787382835275835 ], [ -77.902906237430798, 34.787400643732362 ] ] ] } },
{ "type": "Feature", "properties": { "BLDG_ID": "3706120200617117325", "YEAR_BUILT": "2019", "estimate_h": 15.0, "height_m": 4.57, "depth_max_ft": 5.43, "depth_mean_ft": 5.25, "depth_max_m": 1.66, "depth_mean_m": 1.6, "wet_pct": 20.5, "flooded": true }, "geometry": { "type": "Polygon", "coordinates": [ [ [ -77.911196899137195, 34.780743574040734 ], [ -77.911329917968033, 34.780617576492226 ], [ -77.911365432140272, 34.780643099910627 ], [ -77.911232413322622, 34.780769097498379 ], [ -77.911196899137195, 34.780743574040734 ] ] ] } },
{ "type": "Feature", "properties": { "BLDG_ID": "370612020061763424", "YEAR_BUILT": "0", "estimate_h": 15.0, "height_m": 4.57, "depth_max_ft": 4.74, "depth_mean_ft": 4.16, "depth_max_m": 1.44, "depth_mean_m": 1.27, "wet_pct": 7.3, "flooded": true }, "geometry": { "type": "Polygon", "coordinates": [ [ [ -77.912972906243795, 34.788238807088923 ], [ -77.912967363295522, 34.78820021735914 ], [ -77.912953332198143, 34.788201588980641 ], [ -77.912950838384461, 34.788184222344256 ], [ -77.912925112330711, 34.788186737858929 ], [ -77.912916248686244, 34.788124994152639 ], [ -77.913014474987932, 34.788115394679991 ], [ -77.913016690645847, 34.788130830377014 ], [ -77.913030723903418, 34.788129459669314 ], [ -77.913045406635035, 34.788231721307575 ], [ -77.912972906243795, 34.788238807088923 ] ] ] } },
{ "type": "Feature", "properties": { "BLDG_ID": "3706120200617116996", "YEAR_BUILT": "1925", "estimate_h": 15.0, "height_m": 4.57, "depth_max_ft": 0.0, "depth_mean_ft": 0.0, "depth_max_m": 0.0, "depth_mean_m": 0.0, "wet_pct": 0.0, "flooded": false }, "geometry": { "type": "Polygon", "coordinates": [ [ [ -77.907994463219694, 34.79108235750595 ], [ -77.908010804006238, 34.791037717453762 ], [ -77.908078443116779, 34.791054566474585 ], [ -77.908084570911129, 34.79103782521149 ], [ -77.908098098935753, 34.791041196274392 ], [ -77.908130097689735, 34.790953775262004 ], [ -77.908168426023181, 34.790963322522089 ], [ -77.90815140591944, 34.791009823551036 ], [ -77.908167187538126, 34.791013755086759 ], [ -77.908142150105192, 34.791082163275441 ], [ -77.908101567053478, 34.791072053712725 ], [ -77.908089160641993, 34.791105946882254 ], [ -77.907994463219694, 34.79108235750595 ] ] ] } },
{ "type": "Feature", "properties": { "BLDG_ID": "3706120200617117351", "YEAR_BUILT": "0", "estimate_h": 15.0, "height_m": 4.57, "depth_max_ft": 0.0, "depth_mean_ft": 0.0, "depth_max_m": 0.0, "depth_mean_m": 0.0, "wet_pct": 0.0, "flooded": false }, "geometry": { "type": "Polygon", "coordinates": [ [ [ -77.911593724427902, 34.780088303816889 ], [ -77.911738581715909, 34.779952780715767 ], [ -77.911773904308191, 34.77997848349505 ], [ -77.911629047033188, 34.780114006638627 ], [ -77.911593724427902, 34.780088303816889 ] ] ] } },
{ "type": "Feature", "properties": { "BLDG_ID": "3706120200617117261", "YEAR_BUILT": "0", "estimate_h": 15.0, "height_m": 4.57, "depth_max_ft": 7.91, "depth_mean_ft": 7.06, "depth_max_m": 2.41, "depth_mean_m": 2.15, "wet_pct": 44.7, "flooded": true }, "geometry": { "type": "Polygon", "coordinates": [ [ [ -77.90508968529214, 34.782665410385334 ], [ -77.905166167000672, 34.782498165531287 ], [ -77.905210232178021, 34.78251188248074 ], [ -77.90513375271982, 34.782679128284066 ], [ -77.90508968529214, 34.782665410385334 ] ] ] } },
{ "type": "Feature", "properties": { "BLDG_ID": "3706120200617117254", "YEAR_BUILT": "0", "estimate_h": 15.0, "height_m": 4.57, "depth_max_ft": 7.71, "depth_mean_ft": 7.15, "depth_max_m": 2.35, "depth_mean_m": 2.18, "wet_pct": 48.9, "flooded": true }, "geometry": { "type": "Polygon", "coordinates": [ [ [ -77.904957917903943, 34.782949453403191 ], [ -77.905037328210128, 34.782778971651119 ], [ -77.905081292195177, 34.78279291131134 ], [ -77.905001881954959, 34.782963393993818 ], [ -77.904957917903943, 34.782949453403191 ] ] ] } },
{ "type": "Feature", "properties": { "BLDG_ID": "3706120200617117000", "YEAR_BUILT": "0", "estimate_h": 15.0, "height_m": 4.57, "depth_max_ft": 0.0, "depth_mean_ft": 0.0, "depth_max_m": 0.0, "depth_mean_m": 0.0, "wet_pct": 0.0, "flooded": false }, "geometry": { "type": "Polygon", "coordinates": [ [ [ -77.911418280542492, 34.790785832725781 ], [ -77.911421925723786, 34.790749038999792 ], [ -77.911506430492707, 34.790754735879645 ], [ -77.911494347222003, 34.790876736735939 ], [ -77.911438010996903, 34.790872938219294 ], [ -77.911446449182307, 34.790787731095506 ], [ -77.911418280542492, 34.790785832725781 ] ] ] } },
{ "type": "Feature", "properties": { "BLDG_ID": "37061202103111006", "YEAR_BUILT": "0", "estimate_h": 15.0, "height_m": 4.57, "depth_max_ft": 2.85, "depth_mean_ft": 2.63, "depth_max_m": 0.87, "depth_mean_m": 0.8, "wet_pct": 21.8, "flooded": true }, "geometry": { "type": "Polygon", "coordinates": [ [ [ -77.913699751393068, 34.791103012247625 ], [ -77.913739329501936, 34.791090481828519 ], [ -77.913817806289828, 34.79125918319729 ], [ -77.913778223740621, 34.791271713602676 ], [ -77.913699751393068, 34.791103012247625 ] ] ] } },
{ "type": "Feature", "properties": { "BLDG_ID": "370612020061763428", "YEAR_BUILT": "2006", "estimate_h": 15.0, "height_m": 4.57, "depth_max_ft": 0.0, "depth_mean_ft": 0.0, "depth_max_m": 0.0, "depth_mean_m": 0.0, "wet_pct": 0.0, "flooded": false }, "geometry": { "type": "Polygon", "coordinates": [ [ [ -77.902462449099886, 34.787485281562496 ], [ -77.902456697851605, 34.7874664397809 ], [ -77.902504658180703, 34.787456477809997 ], [ -77.902513283983069, 34.787484740018165 ], [ -77.902526987408251, 34.787481893482955 ], [ -77.902560912700466, 34.787593059994826 ], [ -77.902451289527704, 34.787615830500442 ], [ -77.902417939050963, 34.787506548943391 ], [ -77.902447629633258, 34.787500381770847 ], [ -77.902444178222552, 34.787489077236373 ], [ -77.902462449099886, 34.787485281562496 ] ] ] } },
{ "type": "Feature", "properties": { "BLDG_ID": "3706120200617117123", "YEAR_BUILT": "2014", "estimate_h": 15.0, "height_m": 4.57, "depth_max_ft": 2.95, "depth_mean_ft": 2.84, "depth_max_m": 0.9, "depth_mean_m": 0.87, "wet_pct": 2.5, "flooded": true }, "geometry": { "type": "Polygon", "coordinates": [ [ [ -77.902731541904629, 34.786655653237098 ], [ -77.90281264930239, 34.786643535789537 ], [ -77.902849583323402, 34.786811780094965 ], [ -77.902768473555028, 34.786823899350267 ], [ -77.902731541904629, 34.786655653237098 ] ] ] } },
{ "type": "Feature", "properties": { "BLDG_ID": "3706120200617117280", "YEAR_BUILT": "0", "estimate_h": 15.0, "height_m": 4.57, "depth_max_ft": 6.55, "depth_mean_ft": 4.55, "depth_max_m": 2.0, "depth_mean_m": 1.39, "wet_pct": 19.0, "flooded": true }, "geometry": { "type": "Polygon", "coordinates": [ [ [ -77.905329182285101, 34.782082914748926 ], [ -77.905344388804181, 34.782050269844213 ], [ -77.905583993213995, 34.782126243724818 ], [ -77.905568786776357, 34.782158888659737 ], [ -77.905329182285101, 34.782082914748926 ] ] ] } },
{ "type": "Feature", "properties": { "BLDG_ID": "3706120200617117364", "YEAR_BUILT": "1984", "estimate_h": 15.0, "height_m": 4.57, "depth_max_ft": 5.06, "depth_mean_ft": 3.37, "depth_max_m": 1.54, "depth_mean_m": 1.03, "wet_pct": 3.4, "flooded": true }, "geometry": { "type": "Polygon", "coordinates": [ [ [ -77.912094791157699, 34.779673823722028 ], [ -77.912133833579801, 34.779618385841751 ], [ -77.912192881849421, 34.779646694852914 ], [ -77.912112430412279, 34.779760931873078 ], [ -77.912069671851114, 34.779740431539857 ], [ -77.912111081993515, 34.779681633345184 ], [ -77.912094791157699, 34.779673823722028 ] ] ] } },
{ "type": "Feature", "properties": { "BLDG_ID": "3706120200617117260", "YEAR_BUILT": "0", "estimate_h": 15.0, "height_m": 4.57, "depth_max_ft": 7.56, "depth_mean_ft": 7.11, "depth_max_m": 2.3, "depth_mean_m": 2.17, "wet_pct": 42.3, "flooded": true }, "geometry": { "type": "Polygon", "coordinates": [ [ [ -77.905474680589009, 34.782750011897178 ], [ -77.90554001325512, 34.782573475832358 ], [ -77.905585058677744, 34.782584823257388 ], [ -77.905519726087633, 34.78276136024806 ], [ -77.905474680589009, 34.782750011897178 ] ] ] } },
{ "type": "Feature", "properties": { "BLDG_ID": "3706120200617117236", "YEAR_BUILT": "0", "estimate_h": 15.0, "height_m": 4.57, "depth_max_ft": 7.16, "depth_mean_ft": 6.82, "depth_max_m": 2.18, "depth_mean_m": 2.08, "wet_pct": 31.9, "flooded": true }, "geometry": { "type": "Polygon", "coordinates": [ [ [ -77.905270732293673, 34.783318376641574 ], [ -77.905334691807482, 34.783145556119905 ], [ -77.905377483135325, 34.783156337670412 ], [ -77.905313524808065, 34.783329157323323 ], [ -77.905270732293673, 34.783318376641574 ] ] ] } },
{ "type": "Feature", "properties": { "BLDG_ID": "370612020110911547", "YEAR_BUILT": "2019", "estimate_h": 15.0, "height_m": 4.57, "depth_max_ft": 4.91, "depth_mean_ft": 4.57, "depth_max_m": 1.5, "depth_mean_m": 1.39, "wet_pct": 45.0, "flooded": true }, "geometry": { "type": "Polygon", "coordinates": [ [ [ -77.91082066265696, 34.782501112618633 ], [ -77.910815662323856, 34.782601112895293 ], [ -77.910739662097754, 34.782598112366827 ], [ -77.91074366267533, 34.782498112958372 ], [ -77.91082066265696, 34.782501112618633 ] ] ] } },
{ "type": "Feature", "properties": { "BLDG_ID": "37061202103116667", "YEAR_BUILT": "1930", "estimate_h": 15.0, "height_m": 4.57, "depth_max_ft": 2.88, "depth_mean_ft": 2.79, "depth_max_m": 0.88, "depth_mean_m": 0.85, "wet_pct": 57.1, "flooded": true }, "geometry": { "type": "Polygon", "coordinates": [ [ [ -77.905517663492944, 34.787653111351126 ], [ -77.905517663886286, 34.787560111418728 ], [ -77.905587663373112, 34.787560111636928 ], [ -77.905587664151881, 34.787653111579331 ], [ -77.905517663492944, 34.787653111351126 ] ] ] } },
{ "type": "Feature", "properties": { "BLDG_ID": "37061202103116706", "YEAR_BUILT": "2000", "estimate_h": 20.0, "height_m": 6.1, "depth_max_ft": 4.85, "depth_mean_ft": 4.22, "depth_max_m": 1.48, "depth_mean_m": 1.29, "wet_pct": 30.1, "flooded": true }, "geometry": { "type": "Polygon", "coordinates": [ [ [ -77.903821664440244, 34.789370110942393 ], [ -77.903731664694845, 34.789383110936335 ], [ -77.903716664218564, 34.789313110933271 ], [ -77.903806663889412, 34.789300110950514 ], [ -77.903821664440244, 34.789370110942393 ] ] ] } },
{ "type": "Feature", "properties": { "BLDG_ID": "3706120200617117283", "YEAR_BUILT": "0", "estimate_h": 15.0, "height_m": 4.57, "depth_max_ft": 8.44, "depth_mean_ft": 7.32, "depth_max_m": 2.57, "depth_mean_m": 2.23, "wet_pct": 79.0, "flooded": true }, "geometry": { "type": "Polygon", "coordinates": [ [ [ -77.905804664231638, 34.782165112719568 ], [ -77.90587166442738, 34.78198611237115 ], [ -77.905925663875379, 34.782000112334657 ], [ -77.905858663786205, 34.782179112713109 ], [ -77.905804664231638, 34.782165112719568 ] ] ] } },
{ "type": "Feature", "properties": { "BLDG_ID": "3706120200617117402", "YEAR_BUILT": "0", "estimate_h": 20.0, "height_m": 6.1, "depth_max_ft": 6.86, "depth_mean_ft": 6.32, "depth_max_m": 2.09, "depth_mean_m": 1.93, "wet_pct": 16.3, "flooded": true }, "geometry": { "type": "Polygon", "coordinates": [ [ [ -77.913757661863514, 34.778754113292138 ], [ -77.913800661931575, 34.778708113831698 ], [ -77.913904661184858, 34.778772113779503 ], [ -77.913861662075448, 34.778819114011156 ], [ -77.913757661863514, 34.778754113292138 ] ] ] } },
{ "type": "Feature", "properties": { "BLDG_ID": "3706120200617117376", "YEAR_BUILT": "1920", "estimate_h": 20.0, "height_m": 6.1, "depth_max_ft": 4.49, "depth_mean_ft": 3.96, "depth_max_m": 1.37, "depth_mean_m": 1.21, "wet_pct": 27.3, "flooded": true }, "geometry": { "type": "Polygon", "coordinates": [ [ [ -77.91316666179452, 34.779380113849477 ], [ -77.91316566201813, 34.779477113004823 ], [ -77.913066662353231, 34.779476113155937 ], [ -77.913067662258811, 34.779379113099907 ], [ -77.91316666179452, 34.779380113849477 ] ] ] } },
{ "type": "Feature", "properties": { "BLDG_ID": "370612020110913398", "YEAR_BUILT": "2012", "estimate_h": 20.0, "height_m": 6.1, "depth_max_ft": 6.8, "depth_mean_ft": 6.43, "depth_max_m": 2.07, "depth_mean_m": 1.96, "wet_pct": 100.0, "flooded": true }, "geometry": { "type": "Polygon", "coordinates": [ [ [ -77.914257661965721, 34.779247113270493 ], [ -77.914389661065755, 34.779134113531029 ], [ -77.914423661188664, 34.779161113553997 ], [ -77.914292661888837, 34.779274113337607 ], [ -77.914257661965721, 34.779247113270493 ] ] ] } },
{ "type": "Feature", "properties": { "BLDG_ID": "3706120200617117218", "YEAR_BUILT": "0", "estimate_h": 15.0, "height_m": 4.57, "depth_max_ft": 6.41, "depth_mean_ft": 5.66, "depth_max_m": 1.95, "depth_mean_m": 1.73, "wet_pct": 38.3, "flooded": true }, "geometry": { "type": "Polygon", "coordinates": [ [ [ -77.906452663442323, 34.78384711271012 ], [ -77.906609663234022, 34.78371911229668 ], [ -77.906646663754458, 34.783749112411655 ], [ -77.906489663726362, 34.783878112695945 ], [ -77.906452663442323, 34.78384711271012 ] ] ] } },
{ "type": "Feature", "properties": { "BLDG_ID": "3706120200617117250", "YEAR_BUILT": "0", "estimate_h": 15.0, "height_m": 4.57, "depth_max_ft": 7.68, "depth_mean_ft": 7.28, "depth_max_m": 2.34, "depth_mean_m": 2.22, "wet_pct": 34.5, "flooded": true }, "geometry": { "type": "Polygon", "coordinates": [ [ [ -77.905430706021605, 34.783015014427022 ], [ -77.905384328984766, 34.783002556736889 ], [ -77.905443098443627, 34.78285362794233 ], [ -77.905489475405105, 34.782866085609896 ], [ -77.905430706021605, 34.783015014427022 ] ] ] } },
{ "type": "Feature", "properties": { "BLDG_ID": "3706120200617117360", "YEAR_BUILT": "0", "estimate_h": 15.0, "height_m": 4.57, "depth_max_ft": 0.0, "depth_mean_ft": 0.0, "depth_max_m": 0.0, "depth_mean_m": 0.0, "wet_pct": 0.0, "flooded": false }, "geometry": { "type": "Polygon", "coordinates": [ [ [ -77.913775270864377, 34.779806922968014 ], [ -77.913751663107277, 34.779828207392633 ], [ -77.913762719596932, 34.779836555541387 ], [ -77.913728993900222, 34.779866961596959 ], [ -77.913644234411692, 34.779802962140884 ], [ -77.913701566781199, 34.779751271688951 ], [ -77.913742103583502, 34.779781879443348 ], [ -77.91373198566545, 34.779791001077037 ], [ -77.913746728003019, 34.77980213224798 ], [ -77.913756844828214, 34.7797930106032 ], [ -77.913775270864377, 34.779806922968014 ] ] ] } }
]
}
